endpoint,route,model,view,n,positives,AP,AUROC,log_loss,Brier,sensitivity,specificity,precision,F1,tp,fp,fn,tn,threshold
low_ferritin,extended,logistic_values,available,2420,373,0.62122946763977,0.8740666718181711,0.29345324242979337,0.08683935103573717,0.6193029490616622,0.9076697606253054,0.55,0.5825977301387137,231,189,142,1858,0.23245751410437102
low_ferritin,extended,logistic_values,drop30,2420,373,0.5061832729238789,0.8025869283630921,0.34352271743074536,0.10099576459846188,0.48525469168900803,0.9003419638495359,0.4701298701298701,0.47757255936675463,181,204,192,1843,0.23245751410437102
low_ferritin,extended,logistic_mask,available,2420,373,0.6193879905522689,0.8722854736742843,0.29429663645209503,0.0870647932222983,0.5013404825737265,0.9491939423546654,0.6426116838487973,0.5632530120481928,187,104,186,1943,0.34906137251532515
low_ferritin,extended,logistic_mask,drop30,2420,373,0.45867845928929585,0.7739829816994988,0.374642598213002,0.111263026971418,0.450402144772118,0.9003419638495359,0.45161290322580644,0.45100671140939597,168,204,205,1843,0.34906137251532515
low_ferritin,extended,catboost,available,2420,373,0.6617508331603024,0.8766402411951839,0.2798910011331093,0.08360076694763133,0.5281501340482574,0.9482169027845627,0.6501650165016502,0.5828402366863905,197,106,176,1941,0.410917631958545
low_ferritin,extended,catboost,drop30,2420,373,0.4479818183392581,0.7681403898466467,0.3780324745465376,0.1159612850140155,0.41823056300268097,0.9003419638495359,0.43333333333333335,0.4256480218281037,156,204,217,1843,0.410917631958545
low_ferritin,extended,catboost_dropout,available,2420,373,0.6444927383319559,0.8727674449367477,0.2861464574107156,0.08562920978205359,0.6273458445040214,0.9110893991206643,0.5625,0.5931558935361216,234,182,139,1865,0.25894773118553177
low_ferritin,extended,catboost_dropout,drop30,2420,373,0.6072985360640477,0.8545730297787516,0.3021171123625028,0.09024851425090523,0.5924932975871313,0.9003419638495359,0.52,0.5538847117794486,221,204,152,1843,0.25894773118553177
low_ferritin,extended,v1_default,available,2420,373,0.4844429442385398,0.7918761648184552,0.38021780357913265,0.110277845209256,0.16353887399463807,0.9882755251587689,0.7176470588235294,0.2663755458515284,61,24,312,2023,0.5
low_ferritin,extended,v1_tuned,available,2420,373,0.4844429442385398,0.7918761648184552,0.38021780357913265,0.110277845209256,0.3726541554959786,0.940400586223742,0.5325670498084292,0.4384858044164038,139,122,234,1925,0.21661340942719218
low_ferritin,extended,v1_default,drop30,2420,373,0.4201047302501429,0.7705528655679993,0.37495148849485505,0.11282920825778917,0.128686327077748,0.9872984855886663,0.6486486486486487,0.21476510067114093,48,26,325,2021,0.5
low_ferritin,extended,v1_tuned,drop30,2420,373,0.4201047302501429,0.7705528655679993,0.37495148849485505,0.11282920825778917,0.41823056300268097,0.9003419638495359,0.43333333333333335,0.4256480218281037,156,204,217,1843,0.21661340942719218
low_ferritin,cbc,logistic_values,available,2420,373,0.5820538234237611,0.8579520674340662,0.30869059141176153,0.09181429903124698,0.5951742627345844,0.9003419638495359,0.5211267605633803,0.5556946182728411,222,204,151,1843,0.23610323553428786
low_ferritin,cbc,logistic_values,drop30,2420,373,0.420737387780583,0.763206732928984,0.38024559972506405,0.11193427122996956,0.4128686327077748,0.912066438690767,0.46107784431137727,0.43564356435643564,154,180,219,1867,0.23610323553428786
low_ferritin,cbc,logistic_mask,available,2420,373,0.5820538234237611,0.8579520674340662,0.30869059141176153,0.09181429903124698,0.5951742627345844,0.9003419638495359,0.5211267605633803,0.5556946182728411,222,204,151,1843,0.2361032355342879
low_ferritin,cbc,logistic_mask,drop30,2420,373,0.420737387780583,0.763206732928984,0.3802455997250641,0.11193427122996959,0.4128686327077748,0.912066438690767,0.46107784431137727,0.43564356435643564,154,180,219,1867,0.2361032355342879
low_ferritin,cbc,catboost,available,2420,373,0.6131941843047822,0.8651135317361052,0.2953987432791708,0.08894799621289425,0.5361930294906166,0.9350268685881779,0.6006006006006006,0.56657223796034,200,133,173,1914,0.3694420229015281
low_ferritin,cbc,catboost,drop30,2420,373,0.4530150683839035,0.7705266714776479,0.3689545839065479,0.11231825081342546,0.43967828418230565,0.9003419638495359,0.44565217391304346,0.4426450742240216,164,204,209,1843,0.3694420229015281
low_ferritin,cbc,catboost_dropout,available,2420,373,0.6032972020801735,0.8620108417339963,0.29731829090210854,0.0891657305443745,0.6273458445040214,0.9081582804103566,0.5545023696682464,0.5886792452830188,234,188,139,1859,0.26952614408091036
low_ferritin,cbc,catboost_dropout,drop30,2420,373,0.5720308545385476,0.8492530100284076,0.30853295308430406,0.09251305626706649,0.5978552278820375,0.9003419638495359,0.522248243559719,0.5575,223,204,150,1843,0.26952614408091036
low_ferritin,cbc,v1_default,available,2420,373,0.4532699093827649,0.7561081344437881,0.3642415118708766,0.10833183560693471,0.18230563002680966,0.9819247679531021,0.6476190476190476,0.28451882845188287,68,37,305,2010,0.5
low_ferritin,cbc,v1_tuned,available,2420,373,0.4532699093827649,0.7561081344437881,0.3642415118708766,0.10833183560693471,0.30563002680965146,0.9560332193453834,0.5588235294117647,0.3951473136915078,114,90,259,1957,0.38641961195790764
low_ferritin,cbc,v1_default,drop30,2420,373,0.3395736898483421,0.7063956800706194,0.40230812679914385,0.12383498243873292,0.16085790884718498,0.9604298974108452,0.425531914893617,0.23346303501945526,60,81,313,1966,0.5
low_ferritin,cbc,v1_tuned,drop30,2420,373,0.3395736898483421,0.7063956800706194,0.40230812679914385,0.12383498243873292,0.3163538873994638,0.9003419638495359,0.36645962732919257,0.339568345323741,118,204,255,1843,0.38641961195790764
low_B12,extended,logistic_values,available,4789,89,0.029540163786777887,0.597284245756634,0.0919250556356208,0.018254370366619244,0.21348314606741572,0.9,0.03885480572597137,0.0657439446366782,19,470,70,4230,0.03190168651153955
low_B12,extended,logistic_values,drop30,4789,89,0.028145627581348753,0.5720320344250537,0.09286488183877833,0.018271794523934064,0.11235955056179775,0.9270212765957446,0.028328611898016998,0.04524886877828054,10,343,79,4357,0.03190168651153955
low_B12,extended,logistic_mask,available,4789,89,0.029537262631706505,0.5975926368634951,0.09190772551528163,0.018254903320800542,0.21348314606741572,0.9,0.03885480572597137,0.0657439446366782,19,470,70,4230,0.031867390486076355
low_B12,extended,logistic_mask,drop30,4789,89,0.030359649914486468,0.5065503227348793,0.11190250382610926,0.01836834624225061,0.056179775280898875,0.9651063829787234,0.029585798816568046,0.03875968992248062,5,164,84,4536,0.031867390486076355
low_B12,extended,catboost,available,4789,89,0.023771746345400545,0.5380540282094192,0.09477932511733879,0.018367873303476546,0.056179775280898875,0.9725531914893617,0.03731343283582089,0.04484304932735426,5,129,84,4571,0.044757110491017923
low_B12,extended,catboost,drop30,4789,89,0.01791405964911468,0.49467606980635903,0.09880862990014971,0.01882134720330807,0.06741573033707865,0.9,0.012605042016806723,0.021238938053097345,6,470,83,4230,0.044757110491017923
low_B12,extended,catboost_dropout,available,4789,89,0.019281446468322003,0.5001290939517093,0.09630665568377522,0.018431216303902678,0.10112359550561797,0.9,0.018789144050104383,0.03169014084507042,9,470,80,4230,0.027065694164385822
low_B12,extended,catboost_dropout,drop30,4789,89,0.021191904664333377,0.5194884054506336,0.09516363721425734,0.01837403033634726,0.0449438202247191,0.9031914893617021,0.008714596949891068,0.014598540145985401,4,455,85,4245,0.027065694164385822
low_B12,extended,v1_default,available,4789,89,0.038976192333358146,0.5919220655032273,0.10292122285330625,0.020685307434093494,0.011235955056179775,0.9982978723404256,0.1111111111111111,0.02040816326530612,1,8,88,4692,0.5
low_B12,extended,v1_tuned,available,4789,89,0.038976192333358146,0.5919220655032273,0.10292122285330625,0.020685307434093494,0.0898876404494382,0.9542553191489361,0.03587443946188341,0.05128205128205128,8,215,81,4485,0.1203851630747488
low_B12,extended,v1_default,drop30,4789,89,0.028500320627477788,0.584943820224719,0.11553642402650946,0.02288614544142179,0.011235955056179775,0.9980851063829788,0.1,0.020202020202020204,1,9,88,4691,0.5
low_B12,extended,v1_tuned,drop30,4789,89,0.028500320627477788,0.584943820224719,0.11553642402650946,0.02288614544142179,0.16853932584269662,0.9,0.030927835051546393,0.05226480836236934,15,470,74,4230,0.1203851630747488
low_B12,cbc,logistic_values,available,4793,89,0.023734645106498645,0.5592276236337231,0.09287487202189756,0.018285706063120123,0.15730337078651685,0.9000850340136054,0.028925619834710745,0.04886561954624782,14,470,75,4234,0.029238930383309412
low_B12,cbc,logistic_values,drop30,4793,89,0.025882413224072167,0.5455290262172284,0.09267321343241293,0.01826334516598854,0.11235955056179775,0.9253826530612245,0.027700831024930747,0.044444444444444446,10,351,79,4353,0.029238930383309412
low_B12,cbc,logistic_mask,available,4793,89,0.023724093345564502,0.5590389245585874,0.09287960344186126,0.018286097286411153,0.15730337078651685,0.9000850340136054,0.028925619834710745,0.04886561954624782,14,470,75,4234,0.029240906779200056
low_B12,cbc,logistic_mask,drop30,4793,89,0.025876423873092427,0.5567076549721012,0.09569859627465109,0.018279058119637634,0.0898876404494382,0.9413265306122449,0.028169014084507043,0.04289544235924933,8,276,81,4428,0.029240906779200056
low_B12,cbc,catboost,available,4793,89,0.021135655565196865,0.5016887372926699,0.09618188782459755,0.01837870276451022,0.06741573033707865,0.9581207482993197,0.029556650246305417,0.0410958904109589,6,197,83,4507,0.03444148074025531
low_B12,cbc,catboost,drop30,4793,89,0.019936328922756347,0.49144882672169987,0.09686087895185164,0.018505071543136617,0.12359550561797752,0.9000850340136054,0.02286902286902287,0.03859649122807018,11,470,78,4234,0.03444148074025531
low_B12,cbc,catboost_dropout,available,4793,89,0.020039000443139485,0.5225865627149737,0.09547847741682061,0.018482830478987508,0.12359550561797752,0.9000850340136054,0.02286902286902287,0.03859649122807018,11,470,78,4234,0.028467984259691492
low_B12,cbc,catboost_dropout,drop30,4793,89,0.02326030013911707,0.53467046931132,0.09409007044930508,0.018347926761866914,0.10112359550561797,0.9292091836734694,0.02631578947368421,0.04176334106728538,9,333,80,4371,0.028467984259691492
low_B12,cbc,v1_default,available,4793,89,0.0312898025847659,0.5819001758006573,0.13055104696241046,0.02645505495299479,0.02247191011235955,0.9955357142857143,0.08695652173913043,0.03571428571428571,2,21,87,4683,0.5
low_B12,cbc,v1_tuned,available,4793,89,0.0312898025847659,0.5819001758006573,0.13055104696241046,0.02645505495299479,0.14606741573033707,0.9198554421768708,0.03333333333333333,0.054279749478079335,13,377,76,4327,0.1701373209776506
low_B12,cbc,v1_default,drop30,4793,89,0.027464441625737,0.5492647901857373,0.13739925136305178,0.027316832147226033,0.0,0.9970238095238095,0.0,0.0,0,14,89,4690,0.5
low_B12,cbc,v1_tuned,drop30,4793,89,0.027464441625737,0.5492647901857373,0.13739925136305178,0.027316832147226033,0.16853932584269662,0.9000850340136054,0.030927835051546393,0.05226480836236934,15,470,74,4234,0.1701373209776506
low_PLP,extended,logistic_values,available,4613,625,0.34321215052530024,0.7542603811434303,0.34729349332702925,0.10397833956041905,0.368,0.9002006018054163,0.3662420382165605,0.3671189146049481,230,398,395,3590,0.24299803831455358
low_PLP,extended,logistic_values,drop30,4613,625,0.3024505198445716,0.7177596790371115,0.3615296316924577,0.10788027091787522,0.2768,0.9265295887662989,0.37124463519313305,0.3171402383134739,173,293,452,3695,0.24299803831455358
low_PLP,extended,logistic_mask,available,4613,625,0.3425100544970635,0.7538074222668004,0.34757764769209143,0.10405416987396873,0.368,0.9002006018054163,0.3662420382165605,0.3671189146049481,230,398,395,3590,0.24294018306918835
low_PLP,extended,logistic_mask,drop30,4613,625,0.30102725950634956,0.716119959879639,0.36163341795230125,0.1078723283686906,0.288,0.9159979939819458,0.34951456310679613,0.3157894736842105,180,335,445,3653,0.24294018306918835
low_PLP,extended,catboost,available,4613,625,0.34880824940775673,0.7588421263791374,0.34386700623535726,0.10316144040397889,0.1296,0.9794383149448345,0.49693251533742333,0.20558375634517767,81,82,544,3906,0.4406823457232222
low_PLP,extended,catboost,drop30,4613,625,0.23998574545150705,0.6743217652958876,0.4114055994730056,0.12835057687680707,0.2432,0.9002006018054163,0.27636363636363637,0.25872340425531914,152,398,473,3590,0.4406823457232222
low_PLP,extended,catboost_dropout,available,4613,625,0.32482420028345205,0.7572208625877632,0.34662814280162624,0.10468191889706593,0.3872,0.9002006018054163,0.378125,0.3826086956521739,242,398,383,3590,0.26074720335244217
low_PLP,extended,catboost_dropout,drop30,4613,625,0.2927958761770496,0.7267366098294885,0.35780543489128647,0.10762546129443647,0.2864,0.9237713139418254,0.37060041407867494,0.3231046931407942,179,304,446,3684,0.26074720335244217
low_PLP,extended,v1_default,available,4613,625,0.15882354683294864,0.5157867602808426,0.8487806604122333,0.1347741119648998,0.0,1.0,0.0,0.0,0,0,625,3988,0.5
low_PLP,extended,v1_tuned,available,4613,625,0.15882354683294864,0.5157867602808426,0.8487806604122333,0.1347741119648998,0.0416,0.978184553660983,0.23008849557522124,0.07046070460704607,26,87,599,3901,0.009594935654746712
low_PLP,extended,v1_default,drop30,4613,625,0.15491354785492317,0.5271506519558675,0.7654472264401591,0.13413953734433204,0.0,1.0,0.0,0.0,0,0,625,3988,0.5
low_PLP,extended,v1_tuned,drop30,4613,625,0.15491354785492317,0.5271506519558675,0.7654472264401591,0.13413953734433204,0.1312,0.9002006018054163,0.17083333333333334,0.14841628959276018,82,398,543,3590,0.009594935654746712
low_PLP,cbc,logistic_values,available,4617,625,0.25196369303622757,0.6941931863727455,0.3728782032710033,0.11164555758929719,0.2576,0.9000501002004008,0.2875,0.2717299578059072,161,399,464,3593,0.21690557109507944
low_PLP,cbc,logistic_values,drop30,4617,625,0.2333254056110583,0.6673226452905812,0.3787283339233488,0.1131450143000819,0.2192,0.9180861723446894,0.2952586206896552,0.2516069788797062,137,327,488,3665,0.21690557109507944
low_PLP,cbc,logistic_mask,available,4617,625,0.25196369303622757,0.6941931863727455,0.37287820327100335,0.1116455575892972,0.2576,0.9000501002004008,0.2875,0.2717299578059072,161,399,464,3593,0.21690557109507944
low_PLP,cbc,logistic_mask,drop30,4617,625,0.2333254056110583,0.6673226452905812,0.3787283339233488,0.1131450143000819,0.2192,0.9180861723446894,0.2952586206896552,0.2516069788797062,137,327,488,3665,0.21690557109507944
low_PLP,cbc,catboost,available,4617,625,0.2522147838732033,0.6984561122244489,0.36902613171181636,0.11097583916352935,0.0656,0.9822144288577155,0.36607142857142855,0.1112618724559023,41,71,584,3921,0.403548088142322
low_PLP,cbc,catboost,drop30,4617,625,0.20238866906606173,0.6269523046092185,0.41928898137107184,0.1291794769179673,0.1952,0.9000501002004008,0.23416506717850288,0.21291448516579406,122,399,503,3593,0.403548088142322
low_PLP,cbc,catboost_dropout,available,4617,625,0.26060647882177523,0.7033943887775551,0.3665410082691468,0.11009148920177061,0.28,0.9000501002004008,0.3048780487804878,0.2919099249374479,175,399,450,3593,0.24351104141469784
low_PLP,cbc,catboost_dropout,drop30,4617,625,0.2508090130780074,0.697050501002004,0.3682506636047922,0.11061157468706208,0.2208,0.9223446893787575,0.3080357142857143,0.2572227399813607,138,310,487,3682,0.24351104141469784
low_PLP,cbc,v1_default,available,4617,625,0.16205718179285397,0.5247222444889779,0.8455068932436671,0.13626915187887587,0.0208,0.9882264529058116,0.21666666666666667,0.03795620437956204,13,47,612,3945,0.5
low_PLP,cbc,v1_tuned,available,4617,625,0.16205718179285397,0.5247222444889779,0.8455068932436671,0.13626915187887587,0.0384,0.9749498997995992,0.1935483870967742,0.06408544726301736,24,100,601,3892,0.1540549600491662
low_PLP,cbc,v1_default,drop30,4617,625,0.1488952585502658,0.5172116232464931,0.578378792475027,0.12817342748618463,0.008,0.9944889779559118,0.18518518518518517,0.015337423312883436,5,22,620,3970,0.5
low_PLP,cbc,v1_tuned,drop30,4617,625,0.1488952585502658,0.5172116232464931,0.578378792475027,0.12817342748618463,0.1264,0.9000501002004008,0.16527196652719664,0.14324569356300998,79,399,546,3593,0.1540549600491662
