endpoint,view,model,cycle,excluded_sparse,cbc_routed_count,subgroup,sensitivity,specificity,precision,F1,sensitivity_ci_low,sensitivity_ci_high,sensitivity_bootstrap_valid,specificity_ci_low,specificity_ci_high,specificity_bootstrap_valid,precision_ci_low,precision_ci_high,precision_bootstrap_valid,F1_ci_low,F1_ci_high,F1_bootstrap_valid,n,positives,negatives,tn,fp,fn,tp,Brier,log_loss,AUROC,AP,mean_score,reference_positive_fraction,adequate_positive_count,ECE10
low_ferritin,available,v4,nhanes_2007_2008,0,0,female,0.6338028169014085,0.9135446685878963,0.6,0.6164383561643836,0.5890638403539663,0.6837209302325581,500,0.8967467206189693,0.9296587101042197,500,0.5755372756557754,0.6306612353164077,500,0.5983690693430657,0.6364616389770393,500,1254,213,1041,951,90,78,135,0.08967376765909187,0.3012155902174129,0.8708672141719997,0.6701693730985369,0.15333630706987672,0.16985645933014354,True,0.023166541413570683
low_ferritin,available,v4,nhanes_2007_2008,0,0,age18_49,0.6338028169014085,0.9135446685878963,0.6,0.6164383561643836,0.5890638403539663,0.6837209302325581,500,0.8967467206189693,0.9296587101042197,500,0.5755372756557754,0.6306612353164077,500,0.5983690693430657,0.6364616389770393,500,1254,213,1041,951,90,78,135,0.08967376765909187,0.3012155902174129,0.8708672141719997,0.6701693730985369,0.15333630706987672,0.16985645933014354,True,0.023166541413570683
low_ferritin,available,v4,nhanes_2007_2008,0,0,Hb_low,0.9111111111111111,0.39215686274509803,0.7256637168141593,0.8078817733990148,0.8706113861386139,0.9615384615384616,500,0.32,0.4666666666666667,500,0.6789601293103449,0.7798165137614679,500,0.7745098039215687,0.8446601941747572,500,141,90,51,20,31,8,82,0.16959404936455655,0.5161966970425166,0.812636165577342,0.8778882548971207,0.5907572015122026,0.6382978723404256,True,0.056630961387375015
low_ferritin,available,v4,nhanes_2007_2008,0,0,Hb_not_low,0.43089430894308944,0.9404040404040404,0.4732142857142857,0.451063829787234,0.3731842547824259,0.48585447263017356,500,0.9278557114228457,0.9527845030449568,500,0.4246472699949908,0.5310053191489361,500,0.40926388022457894,0.48485706251757427,500,1113,123,990,931,59,70,53,0.0795490958527392,0.27398078692690114,0.8177465714051079,0.438538280882261,0.09792180022677882,0.1105121293800539,True,0.018927113546269327
low_ferritin,available,v1_default,nhanes_2007_2008,0,0,female,0.15492957746478872,0.9903938520653218,0.7674418604651163,0.2578125,0.1181495633187773,0.19545736434108527,500,0.9859071450129462,0.9942935136897002,500,0.6666666666666666,0.8642813267813267,500,0.20194993349800494,0.3143546842170313,500,1254,213,1041,1031,10,180,33,0.11682089493165991,0.38972941227168145,0.8235535531472538,0.5508567127416448,0.0922746835481947,0.16985645933014354,True,0.08055550204688179
low_ferritin,available,v1_default,nhanes_2007_2008,0,0,age18_49,0.15492957746478872,0.9903938520653218,0.7674418604651163,0.2578125,0.1181495633187773,0.19545736434108527,500,0.9859071450129462,0.9942935136897002,500,0.6666666666666666,0.8642813267813267,500,0.20194993349800494,0.3143546842170313,500,1254,213,1041,1031,10,180,33,0.11682089493165991,0.38972941227168145,0.8235535531472538,0.5508567127416448,0.0922746835481947,0.16985645933014354,True,0.08055550204688179
low_ferritin,available,v1_default,nhanes_2007_2008,0,0,Hb_low,0.3333333333333333,0.9411764705882353,0.9090909090909091,0.4878048780487805,0.26136128364389233,0.39878205128205124,500,0.8809523809523809,0.9830508474576272,500,0.8308333333333334,0.9722222222222222,500,0.4032203389830509,0.5571799128449886,500,141,90,51,48,3,60,30,0.29926655869101026,0.9194235505221132,0.7742919389978213,0.8468158668527604,0.32566839948594367,0.6382978723404256,True,0.31544419123685113
low_ferritin,available,v1_default,nhanes_2007_2008,0,0,Hb_not_low,0.024390243902439025,0.9929292929292929,0.3,0.045112781954887216,0.00754585326953748,0.04220374590514171,500,0.9897335926984914,0.9964327074506726,500,0.09090909090909091,0.5,500,0.014228898571283819,0.07695721640333746,500,1113,123,990,983,7,120,3,0.09370783240689047,0.32262530311327103,0.7814814814814816,0.2876387371779294,0.06270728557225344,0.1105121293800539,True,0.05632762495365391
low_ferritin,available,v1_tuned,nhanes_2007_2008,0,0,female,0.37089201877934275,0.9558117195004803,0.632,0.46745562130177515,0.3301649814931841,0.4120346365844544,500,0.9476502895486717,0.9627367635395498,500,0.5855425347222222,0.6756996658312447,500,0.430305170409232,0.5070902201921765,500,1254,213,1041,995,46,134,79,0.11682089493165991,0.38972941227168145,0.8235535531472538,0.5508567127416448,0.0922746835481947,0.16985645933014354,True,0.08055550204688179
low_ferritin,available,v1_tuned,nhanes_2007_2008,0,0,age18_49,0.37089201877934275,0.9558117195004803,0.632,0.46745562130177515,0.3301649814931841,0.4120346365844544,500,0.9476502895486717,0.9627367635395498,500,0.5855425347222222,0.6756996658312447,500,0.430305170409232,0.5070902201921765,500,1254,213,1041,995,46,134,79,0.11682089493165991,0.38972941227168145,0.8235535531472538,0.5508567127416448,0.0922746835481947,0.16985645933014354,True,0.08055550204688179
low_ferritin,available,v1_tuned,nhanes_2007_2008,0,0,Hb_low,0.6666666666666666,0.7647058823529411,0.8333333333333334,0.7407407407407407,0.5949525745257452,0.7399210807918672,500,0.662689393939394,0.8666666666666667,500,0.7674718688845401,0.8944825870646765,500,0.6830707468565369,0.7954573357888275,500,141,90,51,39,12,30,60,0.29926655869101026,0.9194235505221132,0.7742919389978213,0.8468158668527604,0.32566839948594367,0.6382978723404256,True,0.31544419123685113
low_ferritin,available,v1_tuned,nhanes_2007_2008,0,0,Hb_not_low,0.15447154471544716,0.9656565656565657,0.3584905660377358,0.2159090909090909,0.11495867768595042,0.19184166666666666,500,0.9577196272476384,0.9724950884086444,500,0.2596111111111111,0.45747282608695644,500,0.1596782765105061,0.26415662650602406,500,1113,123,990,956,34,104,19,0.09370783240689047,0.32262530311327103,0.7814814814814816,0.2876387371779294,0.06270728557225344,0.1105121293800539,True,0.05632762495365391
low_ferritin,drop30,v4,nhanes_2007_2008,0,5,female,0.6291079812206573,0.8895292987512008,0.5381526104417671,0.5800865800865801,0.576016139657444,0.6855739858946138,500,0.8719536548177143,0.9068479479017554,500,0.5102372798434442,0.5702970691302963,500,0.5520733866907411,0.6137467566165022,500,1254,213,1041,926,115,79,134,0.09733009259843152,0.32647882287742447,0.8422291675122783,0.610748202935342,0.16594706120674138,0.16985645933014354,True,0.021160580702428374
low_ferritin,drop30,v4,nhanes_2007_2008,0,5,age18_49,0.6291079812206573,0.8895292987512008,0.5381526104417671,0.5800865800865801,0.576016139657444,0.6855739858946138,500,0.8719536548177143,0.9068479479017554,500,0.5102372798434442,0.5702970691302963,500,0.5520733866907411,0.6137467566165022,500,1254,213,1041,926,115,79,134,0.09733009259843152,0.32647882287742447,0.8422291675122783,0.610748202935342,0.16594706120674138,0.16985645933014354,True,0.021160580702428374
low_ferritin,drop30,v4,nhanes_2007_2008,0,5,Hb_low,0.9333333333333333,0.35294117647058826,0.717948717948718,0.8115942028985508,0.8989303143797526,0.9680851063829787,500,0.2727272727272727,0.4380756578947368,500,0.6678571428571428,0.772427150786309,500,0.7763456652905685,0.8497409326424871,500,141,90,51,18,33,6,84,0.20327213511083597,0.5982313803268984,0.7485838779956427,0.8165963335852975,0.5428167530537668,0.6382978723404256,True,0.11375618501976036
low_ferritin,drop30,v4,nhanes_2007_2008,0,5,Hb_not_low,0.4065040650406504,0.9171717171717172,0.3787878787878788,0.39215686274509803,0.3389166197975253,0.4766008323598131,500,0.9027909986639946,0.9316594419457924,500,0.3239035087719298,0.4380165289256198,500,0.3373963762720278,0.4467623178173382,500,1113,123,990,908,82,73,50,0.08390886349308649,0.29205194902263937,0.7750841750841753,0.375594427915168,0.11820346143097268,0.1105121293800539,True,0.018856465741231575
low_ferritin,drop30,v1_default,nhanes_2007_2008,0,5,female,0.1267605633802817,0.9884726224783862,0.6923076923076923,0.21428571428571427,0.09587242222268653,0.15877179187634793,500,0.9840804099260151,0.9922480620155039,500,0.5806451612903226,0.7868506493506493,500,0.16568352059925093,0.2621096799375488,500,1254,213,1041,1029,12,186,27,0.12088369098879057,0.3961422845981288,0.7802537285834766,0.4680242711644384,0.11165141404572192,0.16985645933014354,True,0.05992235791390306
low_ferritin,drop30,v1_default,nhanes_2007_2008,0,5,age18_49,0.1267605633802817,0.9884726224783862,0.6923076923076923,0.21428571428571427,0.09587242222268653,0.15877179187634793,500,0.9840804099260151,0.9922480620155039,500,0.5806451612903226,0.7868506493506493,500,0.16568352059925093,0.2621096799375488,500,1254,213,1041,1029,12,186,27,0.12088369098879057,0.3961422845981288,0.7802537285834766,0.4680242711644384,0.11165141404572192,0.16985645933014354,True,0.05992235791390306
low_ferritin,drop30,v1_default,nhanes_2007_2008,0,5,Hb_low,0.26666666666666666,0.9215686274509803,0.8571428571428571,0.4067796610169492,0.2161873242736645,0.32076210826210827,500,0.8492045454545455,0.9813155136268344,500,0.7666666666666667,0.9615384615384616,500,0.34453080836630867,0.46875,500,141,90,51,47,4,66,24,0.33199520784515957,0.9527843883713741,0.7230936819172112,0.8048771690407015,0.2969840753305106,0.6382978723404256,True,0.34794375821271234
low_ferritin,drop30,v1_default,nhanes_2007_2008,0,5,Hb_not_low,0.024390243902439025,0.9919191919191919,0.2727272727272727,0.04477611940298507,0.0074893390191897655,0.042735042735042736,500,0.9874993353942442,0.9959250977851964,500,0.07142857142857142,0.5555555555555556,500,0.0136986301369863,0.07783733042635657,500,1113,123,990,982,8,120,3,0.09413910529539614,0.3256242822333241,0.7178204812351153,0.2339139186900984,0.088172613289967,0.1105121293800539,True,0.0335794503775377
low_ferritin,drop30,v1_tuned,nhanes_2007_2008,0,5,female,0.39436619718309857,0.9269932756964457,0.525,0.450402144772118,0.35515672588832486,0.4323655686936937,500,0.918585526948758,0.9347221724868937,500,0.48050354251012145,0.568346836419753,500,0.4116639566395664,0.48586444351923447,500,1254,213,1041,965,76,129,84,0.12088369098879057,0.3961422845981288,0.7802537285834766,0.4680242711644384,0.11165141404572192,0.16985645933014354,True,0.05992235791390306
low_ferritin,drop30,v1_tuned,nhanes_2007_2008,0,5,age18_49,0.39436619718309857,0.9269932756964457,0.525,0.450402144772118,0.35515672588832486,0.4323655686936937,500,0.918585526948758,0.9347221724868937,500,0.48050354251012145,0.568346836419753,500,0.4116639566395664,0.48586444351923447,500,1254,213,1041,965,76,129,84,0.12088369098879057,0.3961422845981288,0.7802537285834766,0.4680242711644384,0.11165141404572192,0.16985645933014354,True,0.05992235791390306
low_ferritin,drop30,v1_tuned,nhanes_2007_2008,0,5,Hb_low,0.6222222222222222,0.6862745098039216,0.7777777777777778,0.691358024691358,0.5654464918497519,0.6706810989643268,500,0.61039972899729,0.7683810375670841,500,0.7022679570895523,0.8507462686567164,500,0.6394166666666666,0.7403314917127072,500,141,90,51,35,16,34,56,0.33199520784515957,0.9527843883713741,0.7230936819172112,0.8048771690407015,0.2969840753305106,0.6382978723404256,True,0.34794375821271234
low_ferritin,drop30,v1_tuned,nhanes_2007_2008,0,5,Hb_not_low,0.22764227642276422,0.9393939393939394,0.3181818181818182,0.26540284360189575,0.17674579439252336,0.2702798663324979,500,0.9327851200660806,0.9449908301158301,500,0.24072365411011135,0.3743475274725274,500,0.20512820512820512,0.30881416768251385,500,1113,123,990,930,60,95,28,0.09413910529539614,0.3256242822333241,0.7178204812351153,0.2339139186900984,0.088172613289967,0.1105121293800539,True,0.0335794503775377
low_ferritin,cbc_only,v4,nhanes_2007_2008,0,1254,female,0.6150234741784038,0.9068203650336215,0.5745614035087719,0.5941043083900227,0.5614742181442234,0.6675080128205128,500,0.889196807328027,0.9234429504774976,500,0.5487977781961966,0.60544596206854,500,0.5717494089834515,0.6172155411655874,500,1254,213,1041,944,97,82,131,0.09468512371788405,0.3152703424464818,0.8621675618874953,0.6298687484986274,0.156538448274151,0.16985645933014354,True,0.02185380388410676
low_ferritin,cbc_only,v4,nhanes_2007_2008,0,1254,age18_49,0.6150234741784038,0.9068203650336215,0.5745614035087719,0.5941043083900227,0.5614742181442234,0.6675080128205128,500,0.889196807328027,0.9234429504774976,500,0.5487977781961966,0.60544596206854,500,0.5717494089834515,0.6172155411655874,500,1254,213,1041,944,97,82,131,0.09468512371788405,0.3152703424464818,0.8621675618874953,0.6298687484986274,0.156538448274151,0.16985645933014354,True,0.02185380388410676
low_ferritin,cbc_only,v4,nhanes_2007_2008,0,1254,Hb_low,0.9333333333333333,0.3137254901960784,0.7058823529411765,0.8038277511961722,0.8899518348623853,0.978021978021978,500,0.23463704630788487,0.40384615384615385,500,0.6571380876068376,0.7633064516129032,500,0.7758620689655172,0.8390606719037272,500,141,90,51,16,35,6,84,0.1958616622216157,0.5830017997457525,0.744880174291939,0.8259168073476606,0.6108352662847786,0.6382978723404256,True,0.10293406757406079
low_ferritin,cbc_only,v4,nhanes_2007_2008,0,1254,Hb_not_low,0.3821138211382114,0.9373737373737374,0.43119266055045874,0.4051724137931034,0.3124652681300361,0.45024621934172065,500,0.9256004546406246,0.9482587064676616,500,0.36810344827586206,0.49000600240096037,500,0.3421284664061046,0.45261680143755617,500,1113,123,990,928,62,76,47,0.08186761075379947,0.2813528802010216,0.8072185267307219,0.3956186471749048,0.09898602119463754,0.1105121293800539,True,0.019393266065716813
low_ferritin,cbc_only,v1_default,nhanes_2007_2008,0,1254,female,0.18309859154929578,0.9798270893371758,0.65,0.2857142857142857,0.14884312064133481,0.2240665331553182,500,0.9748837209302326,0.9855571035160596,500,0.6120849832470302,0.7017543859649122,500,0.24345782520325204,0.3298485940879596,500,1254,213,1041,1020,21,174,39,0.11424211454579539,0.3760061745166654,0.7775432614901707,0.4892880495293047,0.15774281858005182,0.16985645933014354,True,0.03049452336822044
low_ferritin,cbc_only,v1_default,nhanes_2007_2008,0,1254,age18_49,0.18309859154929578,0.9798270893371758,0.65,0.2857142857142857,0.14884312064133481,0.2240665331553182,500,0.9748837209302326,0.9855571035160596,500,0.6120849832470302,0.7017543859649122,500,0.24345782520325204,0.3298485940879596,500,1254,213,1041,1020,21,174,39,0.11424211454579539,0.3760061745166654,0.7775432614901707,0.4892880495293047,0.15774281858005182,0.16985645933014354,True,0.03049452336822044
low_ferritin,cbc_only,v1_default,nhanes_2007_2008,0,1254,Hb_low,0.4,0.7843137254901961,0.7659574468085106,0.5255474452554745,0.34031318681318684,0.46278747026169703,500,0.7,0.868611111111111,500,0.71717596390484,0.8333333333333334,500,0.4729909784871617,0.5752574088996328,500,141,90,51,40,11,54,36,0.28679130740332937,0.8468112239159004,0.7226579520697167,0.7989014461318873,0.3803688839633678,0.6382978723404256,True,0.2833431164934585
low_ferritin,cbc_only,v1_default,nhanes_2007_2008,0,1254,Hb_not_low,0.024390243902439025,0.98989898989899,0.23076923076923078,0.04411764705882353,0.007140670442369509,0.043859649122807015,500,0.9860900633932256,0.9934438314297194,500,0.06892857142857144,0.4,500,0.013199285465318926,0.078125,500,1113,123,990,980,10,120,3,0.09238278283608083,0.3163624081507246,0.7401658865073499,0.25126822893555706,0.12953951649645115,0.1105121293800539,True,0.026741571544510755
low_ferritin,cbc_only,v1_tuned,nhanes_2007_2008,0,1254,female,0.30985915492957744,0.9606147934678194,0.616822429906542,0.4125,0.2759166666666667,0.3463622877343602,500,0.9530539048910753,0.967983636674357,500,0.584070796460177,0.6517380617977528,500,0.3813915857605178,0.4431145996860283,500,1254,213,1041,1000,41,147,66,0.11424211454579539,0.3760061745166654,0.7775432614901707,0.4892880495293047,0.15774281858005182,0.16985645933014354,True,0.03049452336822044
low_ferritin,cbc_only,v1_tuned,nhanes_2007_2008,0,1254,age18_49,0.30985915492957744,0.9606147934678194,0.616822429906542,0.4125,0.2759166666666667,0.3463622877343602,500,0.9530539048910753,0.967983636674357,500,0.584070796460177,0.6517380617977528,500,0.3813915857605178,0.4431145996860283,500,1254,213,1041,1000,41,147,66,0.11424211454579539,0.3760061745166654,0.7775432614901707,0.4892880495293047,0.15774281858005182,0.16985645933014354,True,0.03049452336822044
low_ferritin,cbc_only,v1_tuned,nhanes_2007_2008,0,1254,Hb_low,0.5555555555555556,0.7647058823529411,0.8064516129032258,0.6578947368421053,0.5103050595238096,0.6072886716503738,500,0.6804674099485419,0.85,500,0.7536248682824025,0.8693904174573054,500,0.6169728011303426,0.7009059960465627,500,141,90,51,39,12,40,50,0.28679130740332937,0.8468112239159004,0.7226579520697167,0.7989014461318873,0.3803688839633678,0.6382978723404256,True,0.2833431164934585
low_ferritin,cbc_only,v1_tuned,nhanes_2007_2008,0,1254,Hb_not_low,0.13008130081300814,0.9707070707070707,0.35555555555555557,0.19047619047619047,0.089625,0.16284571062740072,500,0.9632378437978318,0.9780743131413439,500,0.23404255319148937,0.4666666666666667,500,0.12911277986371855,0.2360250609119387,500,1113,123,990,961,29,107,16,0.09238278283608083,0.3163624081507246,0.7401658865073499,0.25126822893555706,0.12953951649645115,0.1105121293800539,True,0.026741571544510755
low_B12,available,v4,nhanes_2013_2014,0,0,female,0.3728813559322034,0.8119755911517925,0.04271844660194175,0.07665505226480836,0.2951525054466231,0.45285204991087336,500,0.7990707651772123,0.8245762547388306,500,0.030780840361350644,0.055791125056028686,500,0.056037296037296035,0.09902758453814044,500,2681,59,2622,2129,493,37,22,0.021447768716162684,0.10426442519331128,0.6137700552043336,0.04202360050625131,0.023667230621420406,0.022006713912719134,True,0.0020447359062492794
low_B12,available,v4,nhanes_2013_2014,0,0,male,0.08695652173913043,0.9216237942122186,0.020100502512562814,0.0326530612244898,0.02702702702702703,0.13553321678321673,500,0.9147079603690743,0.9288543771241423,500,0.005208333333333333,0.033417065390749595,500,0.008771929824561403,0.053274674052556904,500,2534,46,2488,2293,195,42,4,0.017922577224885394,0.09321671577786375,0.5621854466657347,0.02266987850129054,0.016772489077101566,0.018153117600631413,True,0.0019191958582303035
low_B12,available,v4,nhanes_2013_2014,0,0,age18_49,0.15384615384615385,0.9281894576012223,0.030927835051546393,0.05150214592274678,0.07692307692307693,0.22580645161290322,500,0.9217598226227279,0.9349504821110208,500,0.01522495361781076,0.047018680119989074,500,0.02580379606334172,0.0768174818988959,500,2657,39,2618,2430,188,33,6,0.014467587178199143,0.07638547977091684,0.5891069714599126,0.024570601170708212,0.016516847119616943,0.014678208505833647,True,0.0018386386137832953
low_B12,available,v4,nhanes_2013_2014,0,0,age50_79,0.2545454545454545,0.8161865569272977,0.03365384615384615,0.059447983014861996,0.19794117647058823,0.3137254901960784,500,0.8023066739187605,0.8292193247223769,500,0.02272808186140524,0.044526604068857584,500,0.040689732253738016,0.07765746903513025,500,2242,55,2187,1785,402,41,14,0.0239971154768278,0.11797341282580155,0.5422621274473126,0.03574328562059725,0.023613430892735286,0.024531668153434435,True,0.0011126637312265574
low_B12,available,v4,nhanes_2013_2014,0,0,age80plus,0.5454545454545454,0.6786885245901639,0.057692307692307696,0.10434782608695652,0.36363636363636365,0.8333333333333334,500,0.6488189799331104,0.7114282950022114,500,0.03155969404722315,0.08333333333333333,500,0.060287878787878786,0.14678899082568808,500,316,11,305,207,98,5,6,0.03378280564673634,0.15282110891645914,0.5618479880774963,0.05115869116427671,0.02888214480717959,0.03481012658227848,False,0.007827321346235653
low_B12,available,v4,nhanes_2013_2014,0,0,Hb_low,0.5714285714285714,0.785171102661597,0.06611570247933884,0.11851851851851852,0.4055882352941177,0.7819444444444442,500,0.7564334984255457,0.8139266066715426,500,0.04132231404958678,0.09170680428134556,500,0.0754585326953748,0.1597246376811594,500,540,14,526,413,113,6,8,0.024904856251301805,0.11854502180981338,0.6943237370994025,0.0796672671296131,0.024521394127201165,0.025925925925925925,False,0.0014045317987247642
low_B12,available,v4,nhanes_2013_2014,0,0,Hb_not_low,0.1978021978021978,0.8745636998254799,0.03035413153456998,0.05263157894736842,0.14450803212851404,0.24456855791962173,500,0.8669670344062171,0.8824975484921115,500,0.01900878353757935,0.04131984750199157,500,0.033700214833407245,0.07035993256028769,500,4675,91,4584,4009,575,73,18,0.019137680479184762,0.09662668875873262,0.5725984312371747,0.02563212632191245,0.019831396746249168,0.01946524064171123,True,0.00036615610453793627
low_B12,available,v1_default,nhanes_2013_2014,0,0,female,0.01694915254237288,0.9984744469870328,0.2,0.03125,0.0,0.0392156862745098,500,0.9973251300103027,0.9996170145544375,500,0.0,0.5,499,0.0,0.06960072595281304,500,2681,59,2622,2618,4,58,1,0.02526484479508716,0.12570462628801374,0.5163285886048947,0.03074035066854599,0.04797388950062461,0.022006713912719134,True,0.025967175587905483
low_B12,available,v1_default,nhanes_2013_2014,0,0,male,0.0,0.997588424437299,0.0,0.0,0.0,0.0,500,0.9959902135551714,0.9991820688125428,500,0.0,0.0,499,0.0,0.0,500,2534,46,2488,2482,6,46,0,0.020874970634011863,0.10806848540078351,0.4972651335104152,0.01812681874549062,0.03161866879108899,0.018153117600631413,True,0.01346555119045758
low_B12,available,v1_default,nhanes_2013_2014,0,0,age18_49,0.0,0.9988540870893812,0.0,0.0,0.0,0.0,500,0.9976962726766144,1.0,500,0.0,0.0,469,0.0,0.0,500,2657,39,2618,2615,3,39,0,0.01626617824727837,0.08939689317618708,0.5045346810052692,0.014801464888738184,0.027977959970228342,0.014678208505833647,True,0.013299751464394693
low_B12,available,v1_default,nhanes_2013_2014,0,0,age50_79,0.01818181818181818,0.9972565157750343,0.14285714285714285,0.03225806451612903,0.0,0.044444444444444446,500,0.9954429954724296,0.9990756035917474,500,0.0,0.3333333333333333,500,0.0,0.0748078266946191,500,2242,55,2187,2181,6,54,1,0.02836334106065974,0.13932275512081976,0.4683044436130856,0.027171488170130383,0.04846891744383487,0.024531668153434435,True,0.02393724929040044
low_B12,available,v1_default,nhanes_2013_2014,0,0,age80plus,0.0,0.9967213114754099,0.0,0.0,0.0,0.0,500,0.9932312185066422,1.0,500,0.0,0.0,370,0.0,0.0,500,316,11,305,304,1,11,0,0.043741703231635974,0.1929445662460227,0.449478390461997,0.032126906139025274,0.08143972125892282,0.03481012658227848,False,0.04662959467664433
low_B12,available,v1_default,nhanes_2013_2014,0,0,Hb_low,0.07142857142857142,0.9961977186311787,0.3333333333333333,0.11764705882352941,0.0,0.16666666666666666,500,0.9921794734589041,1.0,500,0.0,1.0,495,0.0,0.25,500,540,14,526,524,2,13,1,0.02894555511017064,0.1347066489401813,0.5893536121673004,0.06700685154622482,0.052392473833445724,0.025925925925925925,False,0.0264665479075198
low_B12,available,v1_default,nhanes_2013_2014,0,0,Hb_not_low,0.0,0.9982547993019197,0.0,0.0,0.0,0.0,500,0.997168084470423,0.9992500561590255,500,0.0,0.0,500,0.0,0.0,500,4675,91,4584,4576,8,91,0,0.022460240582400558,0.11510546623658874,0.5029246495215082,0.01894590448544631,0.03859845317598576,0.01946524064171123,True,0.019133212534274528
low_B12,available,v1_tuned,nhanes_2013_2014,0,0,female,0.06779661016949153,0.9202898550724637,0.018779342723004695,0.029411764705882353,0.019794117647058823,0.10526315789473684,500,0.9073948714502561,0.9319233993383688,500,0.0060767610318574914,0.02858803049752985,500,0.009172400732277002,0.04405015218035391,500,2681,59,2622,2413,209,55,4,0.02526484479508716,0.12570462628801374,0.5163285886048947,0.03074035066854599,0.04797388950062461,0.022006713912719134,True,0.025967175587905483
low_B12,available,v1_tuned,nhanes_2013_2014,0,0,male,0.0,0.9553858520900321,0.0,0.0,0.0,0.0,500,0.946790490597174,0.9629300968707732,500,0.0,0.0,500,0.0,0.0,500,2534,46,2488,2377,111,46,0,0.020874970634011863,0.10806848540078351,0.4972651335104152,0.01812681874549062,0.03161866879108899,0.018153117600631413,True,0.01346555119045758
low_B12,available,v1_tuned,nhanes_2013_2014,0,0,age18_49,0.0,0.9698242933537051,0.0,0.0,0.0,0.0,500,0.9636047365573227,0.9763652500954563,500,0.0,0.0,500,0.0,0.0,500,2657,39,2618,2539,79,39,0,0.01626617824727837,0.08939689317618708,0.5045346810052692,0.014801464888738184,0.027977959970228342,0.014678208505833647,True,0.013299751464394693
low_B12,available,v1_tuned,nhanes_2013_2014,0,0,age50_79,0.05454545454545454,0.9204389574759945,0.01694915254237288,0.02586206896551724,0.01769266917293233,0.09803921568627451,500,0.9088793720381997,0.9311532994574555,500,0.005494505494505495,0.028989951606398705,500,0.008713689007024872,0.04360189123499922,500,2242,55,2187,2013,174,52,3,0.02836334106065974,0.13932275512081976,0.4683044436130856,0.027171488170130383,0.04846891744383487,0.024531668153434435,True,0.02393724929040044
low_B12,available,v1_tuned,nhanes_2013_2014,0,0,age80plus,0.09090909090909091,0.780327868852459,0.014705882352941176,0.02531645569620253,0.0,0.2857142857142857,500,0.7412764300391065,0.8158393501805055,500,0.0,0.031746031746031744,500,0.0,0.056338028169014086,500,316,11,305,238,67,10,1,0.043741703231635974,0.1929445662460227,0.449478390461997,0.032126906139025274,0.08143972125892282,0.03481012658227848,False,0.04662959467664433
low_B12,available,v1_tuned,nhanes_2013_2014,0,0,Hb_low,0.07142857142857142,0.9106463878326996,0.020833333333333332,0.03225806451612903,0.0,0.16666666666666666,500,0.88919597132127,0.9291500402252615,500,0.0,0.04600951374207186,500,0.0,0.06896551724137931,500,540,14,526,479,47,13,1,0.02894555511017064,0.1347066489401813,0.5893536121673004,0.06700685154622482,0.052392473833445724,0.025925925925925925,False,0.0264665479075198
low_B12,available,v1_tuned,nhanes_2013_2014,0,0,Hb_not_low,0.03296703296703297,0.9404450261780105,0.010869565217391304,0.01634877384196185,0.011296603677221654,0.05270814061054577,500,0.9321305312848941,0.9491783145742182,500,0.0035270367789777533,0.01797009466437177,500,0.005531450872359963,0.026409633512721863,500,4675,91,4584,4311,273,88,3,0.022460240582400558,0.11510546623658874,0.5029246495215082,0.01894590448544631,0.03859845317598576,0.01946524064171123,True,0.019133212534274528
low_B12,drop30,v4,nhanes_2013_2014,0,94,female,0.1016949152542373,0.950419527078566,0.04411764705882353,0.06153846153846154,0.032768817204301075,0.16666666666666666,500,0.944985939497531,0.9559002661389382,500,0.013888888888888888,0.07436428966279711,500,0.019600115351340958,0.10152284263959391,500,2681,59,2622,2492,130,53,6,0.02168098001796279,0.11872756151829578,0.5384103220468267,0.03064927353721081,0.011526172460677457,0.022006713912719134,True,0.010667214977108996
low_B12,drop30,v4,nhanes_2013_2014,0,94,male,0.043478260869565216,0.9758842443729904,0.03225806451612903,0.037037037037037035,0.0,0.08333333333333333,500,0.971291127957899,0.9805115712545676,500,0.0,0.0630208333333333,500,0.0,0.07079646017699115,500,2534,46,2488,2428,60,44,2,0.017989989078076078,0.10638190534431717,0.48584509995805963,0.02110558339579091,0.009053269893611965,0.018153117600631413,True,0.009284009504310176
low_B12,drop30,v4,nhanes_2013_2014,0,94,age18_49,0.02564102564102564,0.9805194805194806,0.019230769230769232,0.02197802197802198,0.0,0.05484234234234231,500,0.9766615320384486,0.9846716604632145,500,0.0,0.044444444444444446,500,0.0,0.046511627906976744,500,2657,39,2618,2567,51,38,1,0.01458590996369506,0.08726309570631856,0.4942214648097001,0.01837389325957304,0.008586948571822656,0.014678208505833647,True,0.006279619633185053
low_B12,drop30,v4,nhanes_2013_2014,0,94,age50_79,0.07272727272727272,0.9538180155464107,0.0380952380952381,0.05,0.020833333333333332,0.11764705882352941,500,0.945840301549216,0.9609117463540511,500,0.010149969078540507,0.06219394329896906,500,0.013740079365079365,0.07902542372881356,500,2242,55,2187,2086,101,51,4,0.024132649855927977,0.13287865534523105,0.520729933075612,0.032645742372534266,0.011665216897710495,0.024531668153434435,True,0.01286645125572394
low_B12,drop30,v4,nhanes_2013_2014,0,94,age80plus,0.2727272727272727,0.8754098360655738,0.07317073170731707,0.11538461538461539,0.08333333333333333,0.5507575757575756,500,0.852989488892146,0.8993335814079362,500,0.021739130434782608,0.12863937138130685,500,0.03477011494252873,0.20463108320251175,500,316,11,305,267,38,8,3,0.034345493675552875,0.18388718353593103,0.46795827123695977,0.04154927710824505,0.01542315075154827,0.03481012658227848,False,0.02086376695204258
low_B12,drop30,v4,nhanes_2013_2014,0,94,Hb_low,0.14285714285714285,0.9315589353612167,0.05263157894736842,0.07692307692307693,0.0,0.2795454545454542,500,0.9204302685531213,0.941760098010098,500,0.0,0.10256410256410256,500,0.0,0.14422077922077917,500,540,14,526,490,36,12,2,0.02526528190384219,0.1279875712779451,0.6686583378598587,0.062078121348307876,0.011498529152124815,0.025925925925925925,False,0.015361205731788986
low_B12,drop30,v4,nhanes_2013_2014,0,94,Hb_not_low,0.06593406593406594,0.9664048865619547,0.0375,0.04780876494023904,0.0172938144329897,0.10474232456140348,500,0.9623340555153598,0.9705984725381865,500,0.008783733133433289,0.06451612903225806,500,0.01193324296848527,0.07890355108773459,500,4675,91,4584,4430,154,85,6,0.019266328882123686,0.11096621434929632,0.4952822047062884,0.022311319129677317,0.010188972948736169,0.01946524064171123,True,0.00937527964542998
low_B12,drop30,v1_default,nhanes_2013_2014,0,94,female,0.0,0.998093058733791,0.0,0.0,0.0,0.0,500,0.9969771109551994,0.9992264626818115,500,0.0,0.0,499,0.0,0.0,500,2681,59,2622,2617,5,59,0,0.02711985207256755,0.13285316328245053,0.5817140493089761,0.028691115061056118,0.06665710389671822,0.022006713912719134,True,0.04465038998399907
low_B12,drop30,v1_default,nhanes_2013_2014,0,94,male,0.0,0.9979903536977492,0.0,0.0,0.0,0.0,500,0.9968050475158353,0.9991896435130847,500,0.0,0.0,500,0.0,0.0,500,2534,46,2488,2483,5,46,0,0.022341790833407028,0.11322049094679064,0.527934083601286,0.020001361396170297,0.04804206967058191,0.018153117600631413,True,0.029888952069950497
low_B12,drop30,v1_default,nhanes_2013_2014,0,94,age18_49,0.0,0.9996180290297937,0.0,0.0,0.0,0.0,500,0.9992264171096116,1.0,500,0.0,0.0,370,0.0,0.0,500,2657,39,2618,2617,1,39,0,0.017030998739294832,0.09347094190118081,0.5628978864272982,0.018549665252741116,0.04268443739455177,0.014678208505833647,True,0.028006228888718128
low_B12,drop30,v1_default,nhanes_2013_2014,0,94,age50_79,0.0,0.9967992684042066,0.0,0.0,0.0,0.0,500,0.994948276982039,0.9986114800724459,500,0.0,0.0,499,0.0,0.0,500,2242,55,2187,2180,7,55,0,0.0307497813896332,0.14644402381006028,0.5385043854179656,0.02921311869240277,0.06891156114483589,0.024531668153434435,True,0.04437989299140146
low_B12,drop30,v1_default,nhanes_2013_2014,0,94,age80plus,0.0,0.9934426229508196,0.0,0.0,0.0,0.0,500,0.9870082226438963,1.0,500,0.0,0.0,467,0.0,0.0,500,316,11,305,303,2,11,0,0.04787989826754114,0.21012740761336957,0.39821162444113267,0.02969811864999642,0.10295579065920868,0.03481012658227848,False,0.06814566407693017
low_B12,drop30,v1_default,nhanes_2013_2014,0,94,Hb_low,0.0,0.9942965779467681,0.0,0.0,0.0,0.0,500,0.9900563241106719,0.9981890776850391,500,0.0,0.0,491,0.0,0.0,500,540,14,526,523,3,14,0,0.03225714233054993,0.14856552160436526,0.627104834329169,0.05315690866812139,0.07843315168939688,0.025925925925925925,False,0.05250722576347094
low_B12,drop30,v1_default,nhanes_2013_2014,0,94,Hb_not_low,0.0,0.9984729493891797,0.0,0.0,0.0,0.0,500,0.9976118106817194,0.9993336428741828,500,0.0,0.0,500,0.0,0.0,500,4675,91,4584,4577,7,91,0,0.02393659134115723,0.12039672153006632,0.5491245229465125,0.022217905347566576,0.0552069300919961,0.01946524064171123,True,0.03574168945028487
low_B12,drop30,v1_tuned,nhanes_2013_2014,0,94,female,0.15254237288135594,0.8703279938977879,0.025787965616045846,0.04411764705882353,0.07362957937584803,0.24072413793103445,500,0.8538923364452066,0.8846899958661908,500,0.012683279147621193,0.041666666666666664,500,0.021758642139873812,0.07045454545454544,500,2681,59,2622,2282,340,50,9,0.02711985207256755,0.13285316328245053,0.5817140493089761,0.028691115061056118,0.06665710389671822,0.022006713912719134,True,0.04465038998399907
low_B12,drop30,v1_tuned,nhanes_2013_2014,0,94,male,0.06521739130434782,0.9216237942122186,0.015151515151515152,0.02459016393442623,0.021263586956521738,0.10869565217391304,500,0.9150132500408742,0.9272734168137687,500,0.004913430889597218,0.026258680555555546,500,0.00823045267489712,0.04133155746802588,500,2534,46,2488,2293,195,43,3,0.022341790833407028,0.11322049094679064,0.527934083601286,0.020001361396170297,0.04804206967058191,0.018153117600631413,True,0.029888952069950497
low_B12,drop30,v1_tuned,nhanes_2013_2014,0,94,age18_49,0.05128205128205128,0.944996180290298,0.0136986301369863,0.021621621621621623,0.0,0.09523809523809523,500,0.9381203990002203,0.9520624706743521,500,0.0,0.02858309097402928,500,0.0,0.04360299358517462,500,2657,39,2618,2474,144,37,2,0.017030998739294832,0.09347094190118081,0.5628978864272982,0.018549665252741116,0.04268443739455177,0.014678208505833647,True,0.028006228888718128
low_B12,drop30,v1_tuned,nhanes_2013_2014,0,94,age50_79,0.14545454545454545,0.8632830361225423,0.026058631921824105,0.04419889502762431,0.07547169811320754,0.23211538461538456,500,0.8473945299813527,0.8778873394778246,500,0.013310077519379846,0.040999134287314755,500,0.02275802900802901,0.06841028638223258,500,2242,55,2187,1888,299,47,8,0.0307497813896332,0.14644402381006028,0.5385043854179656,0.02921311869240277,0.06891156114483589,0.024531668153434435,True,0.04437989299140146
low_B12,drop30,v1_tuned,nhanes_2013_2014,0,94,age80plus,0.18181818181818182,0.6983606557377049,0.02127659574468085,0.0380952380952381,0.0,0.3333333333333333,500,0.6633585164835164,0.7291144978844659,500,0.0,0.04,500,0.0,0.07079646017699115,500,316,11,305,213,92,9,2,0.04787989826754114,0.21012740761336957,0.39821162444113267,0.02969811864999642,0.10295579065920868,0.03481012658227848,False,0.06814566407693017
low_B12,drop30,v1_tuned,nhanes_2013_2014,0,94,Hb_low,0.21428571428571427,0.8326996197718631,0.03296703296703297,0.05714285714285714,0.06666666666666667,0.4166666666666667,500,0.8055196292257361,0.8592413868244793,500,0.011047008547008548,0.056074766355140186,500,0.019417475728155338,0.09523809523809523,500,540,14,526,438,88,11,3,0.03225714233054993,0.14856552160436526,0.627104834329169,0.05315690866812139,0.07843315168939688,0.025925925925925925,False,0.05250722576347094
low_B12,drop30,v1_tuned,nhanes_2013_2014,0,94,Hb_not_low,0.0989010989010989,0.9024869109947644,0.019736842105263157,0.03290676416819013,0.04595665961945032,0.1494946808510638,500,0.8925161668417518,0.9124363331899911,500,0.008487281255637741,0.03153524234661526,500,0.014358240419297754,0.05187042814113596,500,4675,91,4584,4137,447,82,9,0.02393659134115723,0.12039672153006632,0.5491245229465125,0.022217905347566576,0.0552069300919961,0.01946524064171123,True,0.03574168945028487
low_B12,cbc_only,v4,nhanes_2013_2014,0,5215,female,0.1864406779661017,0.8295194508009154,0.024017467248908297,0.0425531914893617,0.13559322033898305,0.23636363636363636,500,0.8156425141591441,0.8422451682932125,500,0.01586712261846605,0.033783783783783786,500,0.02847553402881272,0.05894343914796815,500,2681,59,2622,2175,447,48,11,0.021511967883147028,0.10602638185617488,0.5496386507905726,0.03714621074241519,0.022210037136294707,0.022006713912719134,True,0.00020332322357557092
low_B12,cbc_only,v4,nhanes_2013_2014,0,5215,male,0.06521739130434782,0.9517684887459807,0.024390243902439025,0.03550295857988166,0.008962264150943422,0.1101515151515151,500,0.9447133950906816,0.9582262355678025,500,0.0033928571428571527,0.04275642898889537,500,0.005163043478260885,0.061548511701885925,500,2534,46,2488,2368,120,43,3,0.017821958816945725,0.09074943089968893,0.5780878652313715,0.025954837343641304,0.01624926514824926,0.018153117600631413,True,0.0019038524523821536
low_B12,cbc_only,v4,nhanes_2013_2014,0,5215,age18_49,0.07692307692307693,0.966768525592055,0.03333333333333333,0.046511627906976744,0.023518826135105204,0.1388888888888889,500,0.9615599761850259,0.9720760118354572,500,0.010869565217391304,0.056818181818181816,500,0.01520645385149202,0.07816028810352191,500,2657,39,2618,2531,87,36,3,0.014454601725850391,0.0765588531677595,0.5490979608626667,0.02365026451586792,0.015545720757436415,0.014678208505833647,True,0.0008675122516027672
low_B12,cbc_only,v4,nhanes_2013_2014,0,5215,age50_79,0.10909090909090909,0.8353909465020576,0.01639344262295082,0.028503562945368172,0.06738636363636363,0.1509433962264151,500,0.8231751607076916,0.8461018385067702,500,0.008140575291622482,0.023565851119208742,500,0.014439585264133458,0.04030759859905588,500,2242,55,2187,1827,360,49,6,0.023971586369039535,0.11684074132415304,0.5130232364800266,0.036831431588778274,0.02245019039566854,0.024531668153434435,True,0.0022043330289630327
low_B12,cbc_only,v4,nhanes_2013_2014,0,5215,age80plus,0.45454545454545453,0.6065573770491803,0.04,0.07352941176470588,0.2,0.7777777777777778,500,0.5684191362715298,0.6462932900432901,500,0.01625462718138551,0.05965454186023524,500,0.03007518796992481,0.10691666666666666,500,316,11,305,185,120,6,5,0.03381093706293199,0.1545632048757233,0.49269746646795826,0.03866514908296623,0.028741900406557924,0.03481012658227848,False,0.006068226175720556
low_B12,cbc_only,v4,nhanes_2013_2014,0,5215,Hb_low,0.42857142857142855,0.8212927756653993,0.06,0.10526315789473684,0.25625000000000003,0.6363636363636364,500,0.7903697992259313,0.8523636981957856,500,0.033879310344827586,0.08247422680412371,500,0.060287878787878786,0.14339671120246658,500,540,14,526,432,94,8,6,0.02486440951478062,0.11611029226536167,0.6602390005431831,0.14019108464718993,0.022596698232282473,0.025925925925925925,False,0.0033292276936434523
low_B12,cbc_only,v4,nhanes_2013_2014,0,5215,Hb_not_low,0.08791208791208792,0.8968150087260035,0.016632016632016633,0.027972027972027972,0.03920454545454546,0.12101396239162254,500,0.8898729045026709,0.9028902834138833,500,0.006535947712418301,0.025027400835073068,500,0.011048743759496419,0.04085283176302889,500,4675,91,4584,4111,473,83,8,0.019124630673556384,0.09658101172896713,0.5536721132270871,0.022885017002560768,0.0189344450059117,0.01946524064171123,True,0.0005897136075693649
low_B12,cbc_only,v1_default,nhanes_2013_2014,0,5215,female,0.01694915254237288,0.9958047292143402,0.08333333333333333,0.028169014084507043,0.0,0.0392156862745098,500,0.9942854932813748,0.9972978962812755,500,0.0,0.16666666666666666,500,0.0,0.060176390773405676,500,2681,59,2622,2611,11,58,1,0.029346984082334118,0.1434616942733867,0.4995604338776196,0.03162733497592226,0.07169937728110239,0.022006713912719134,True,0.04985686720066426
low_B12,cbc_only,v1_default,nhanes_2013_2014,0,5215,male,0.0,0.9959807073954984,0.0,0.0,0.0,0.0,500,0.9940296704048726,0.9980190563646139,500,0.0,0.0,500,0.0,0.0,500,2534,46,2488,2478,10,46,0,0.030010524531464654,0.1460339412539399,0.5676813924227597,0.02222520356746449,0.09146374301490495,0.018153117600631413,True,0.07331062541427352
low_B12,cbc_only,v1_default,nhanes_2013_2014,0,5215,age18_49,0.0,0.9992360580595875,0.0,0.0,0.0,0.0,500,0.9984603541185527,1.0,500,0.0,0.0,475,0.0,0.0,500,2657,39,2618,2616,2,39,0,0.018534173713729788,0.10559994902637389,0.425594013829308,0.014852910842172721,0.05244834493715014,0.014678208505833647,True,0.037770136431316485
low_B12,cbc_only,v1_default,nhanes_2013_2014,0,5215,age50_79,0.01818181818181818,0.994055784179241,0.07142857142857142,0.028985507246376812,0.0,0.044444444444444446,500,0.9916838147051764,0.9962443544687908,500,0.0,0.14862637362637338,500,0.0,0.06349206349206349,500,2242,55,2187,2174,13,54,1,0.03735942065844476,0.17316487553328058,0.5397431101134805,0.036559578473491006,0.1037007925881176,0.024531668153434435,True,0.079365480578459
low_B12,cbc_only,v1_default,nhanes_2013_2014,0,5215,age80plus,0.0,0.980327868852459,0.0,0.0,0.0,0.0,500,0.9681328442229605,0.9927411067193675,500,0.0,0.0,499,0.0,0.0,500,316,11,305,299,6,11,0,0.06873674941093667,0.2716964999232374,0.35290611028315944,0.027200191721195074,0.165008625980497,0.03481012658227848,False,0.13019849939821854
low_B12,cbc_only,v1_default,nhanes_2013_2014,0,5215,Hb_low,0.07142857142857142,0.9866920152091255,0.125,0.09090909090909091,0.0,0.16666666666666666,500,0.9803370283027157,0.9926739926739927,500,0.0,0.25,500,0.0,0.19047619047619047,500,540,14,526,519,7,13,1,0.03860430734239797,0.17258585058480685,0.5248506246605106,0.10875194477890841,0.08784741238712197,0.025925925925925925,False,0.06192148646119605
low_B12,cbc_only,v1_default,nhanes_2013_2014,0,5215,Hb_not_low,0.0,0.9969458987783595,0.0,0.0,0.0,0.0,500,0.9957007274536792,0.9981350317684775,500,0.0,0.0,500,0.0,0.0,500,4675,91,4584,4570,14,91,0,0.028637349202689684,0.14149186099863909,0.5259670521450626,0.02069066919371529,0.08054707007515695,0.01946524064171123,True,0.061081829433445714
low_B12,cbc_only,v1_tuned,nhanes_2013_2014,0,5215,female,0.05084745762711865,0.92372234935164,0.014778325123152709,0.022900763358778626,0.01599462365591398,0.09803921568627451,500,0.9134422169587304,0.932996092847277,500,0.004760878931495046,0.02632344386271087,500,0.007407407407407408,0.04073751451800232,500,2681,59,2622,2422,200,56,3,0.029346984082334118,0.1434616942733867,0.4995604338776196,0.03162733497592226,0.07169937728110239,0.022006713912719134,True,0.04985686720066426
low_B12,cbc_only,v1_tuned,nhanes_2013_2014,0,5215,male,0.15217391304347827,0.8745980707395499,0.0219435736677116,0.038356164383561646,0.08215090090090091,0.21519426456984264,500,0.8638694053834617,0.8860162229000661,500,0.01041033434650456,0.03235797887524978,500,0.018395120987096593,0.05549678773614909,500,2534,46,2488,2176,312,39,7,0.030010524531464654,0.1460339412539399,0.5676813924227597,0.02222520356746449,0.09146374301490495,0.018153117600631413,True,0.07331062541427352
low_B12,cbc_only,v1_tuned,nhanes_2013_2014,0,5215,age18_49,0.02564102564102564,0.974025974025974,0.014492753623188406,0.018518518518518517,0.0,0.05714285714285714,500,0.9696660941351917,0.9776622677080528,500,0.0,0.03201484895033281,500,0.0,0.04,500,2657,39,2618,2550,68,38,1,0.018534173713729788,0.10559994902637389,0.425594013829308,0.014852910842172721,0.05244834493715014,0.014678208505833647,True,0.037770136431316485
low_B12,cbc_only,v1_tuned,nhanes_2013_2014,0,5215,age50_79,0.14545454545454545,0.8513946044810242,0.024024024024024024,0.041237113402061855,0.08928571428571429,0.22,500,0.8374037481101227,0.8652760445084848,500,0.015058109468985602,0.033796838131193954,500,0.025903553810530555,0.05791157649796392,500,2242,55,2187,1862,325,47,8,0.03735942065844476,0.17316487553328058,0.5397431101134805,0.036559578473491006,0.1037007925881176,0.024531668153434435,True,0.079365480578459
low_B12,cbc_only,v1_tuned,nhanes_2013_2014,0,5215,age80plus,0.09090909090909091,0.6098360655737705,0.008333333333333333,0.015267175572519083,0.0,0.2222222222222222,500,0.5614851751216744,0.6565284133696344,500,0.0,0.019143772893772892,500,0.0,0.034482758620689655,500,316,11,305,186,119,10,1,0.06873674941093667,0.2716964999232374,0.35290611028315944,0.027200191721195074,0.165008625980497,0.03481012658227848,False,0.13019849939821854
low_B12,cbc_only,v1_tuned,nhanes_2013_2014,0,5215,Hb_low,0.14285714285714285,0.8574144486692015,0.025974025974025976,0.04395604395604396,0.0,0.3333333333333333,500,0.8328327763800843,0.8832424042480758,500,0.0,0.05194805194805195,500,0.0,0.08791208791208792,500,540,14,526,451,75,12,2,0.03860430734239797,0.17258585058480685,0.5248506246605106,0.10875194477890841,0.08784741238712197,0.025925925925925925,False,0.06192148646119605
low_B12,cbc_only,v1_tuned,nhanes_2013_2014,0,5215,Hb_not_low,0.08791208791208792,0.9046684118673648,0.017977528089887642,0.029850746268656716,0.050300632911392404,0.12563713592233006,500,0.89558612129677,0.913404181480592,500,0.009342978026477412,0.02576112412177986,500,0.015654105392156864,0.0426348747591522,500,4675,91,4584,4147,437,83,8,0.028637349202689684,0.14149186099863909,0.5259670521450626,0.02069066919371529,0.08054707007515695,0.01946524064171123,True,0.061081829433445714
low_PLP,available,v4,nhanes_2007_2008,3,0,female,0.40931372549019607,0.8489208633093526,0.3320079522862823,0.36663007683863885,0.37889688249400477,0.43727901120361806,500,0.8367943543455894,0.8599659924737603,500,0.3084967159277504,0.3602441860465116,500,0.34570467622984036,0.38836307310473356,500,2632,408,2224,1888,336,241,167,0.12006984589872209,0.3931397732522746,0.7150173243757935,0.3352849262734312,0.1683713291590181,0.15501519756838905,True,0.01961978647980358
low_PLP,available,v4,nhanes_2007_2008,3,0,male,0.2140221402214022,0.9518023491292021,0.327683615819209,0.25892857142857145,0.1743032521640644,0.25476448882135877,500,0.9453574216032045,0.9577807778725662,500,0.27699659174649965,0.373563484708063,500,0.21387604070305274,0.30146400290466474,500,2740,271,2469,2350,119,213,58,0.07921719159121066,0.2750244617202804,0.790461501212825,0.31021009338950406,0.09948169417559577,0.0989051094890511,True,0.025289683656162226
low_PLP,available,v4,nhanes_2007_2008,3,0,age18_49,0.23673469387755103,0.9526998744244454,0.3391812865497076,0.27884615384615385,0.2100946913943676,0.2631578947368421,500,0.947268997494749,0.9574431486466403,500,0.2999779563044969,0.37806185106620516,500,0.24935975609756098,0.30492871232307855,500,2634,245,2389,2276,113,187,58,0.07596085820933225,0.26626594161036515,0.7835538736214451,0.28269666631300333,0.0981952227897469,0.09301442672741078,True,0.02245679168374711
low_PLP,available,v4,nhanes_2007_2008,3,0,age50_79,0.3776595744680851,0.8752485089463221,0.361323155216285,0.3693107932379714,0.3399412303833291,0.4133965968586387,500,0.8632238399295427,0.8871890365607168,500,0.3170969696969697,0.4111775712995225,500,0.3298345238095238,0.40634790107783353,500,2388,376,2012,1761,251,234,142,0.11877162963469984,0.38933809080063764,0.7320425849160357,0.36438325743305466,0.15906766370990263,0.1574539363484087,True,0.018105710082647004
low_PLP,available,v4,nhanes_2007_2008,3,0,age80plus,0.43103448275862066,0.6883561643835616,0.21551724137931033,0.28735632183908044,0.32395910095799557,0.5431534344335415,500,0.6553367546995733,0.7229780506804747,500,0.16354458041958042,0.26872276688453156,500,0.21690928487851885,0.35535820304769444,500,350,58,292,201,91,33,25,0.1410611064980269,0.4492201636569447,0.636868209730751,0.2954664911388389,0.22066680748636353,0.1657142857142857,True,0.056112044711538536
low_PLP,available,v4,nhanes_2007_2008,3,0,Hb_low,0.5544554455445545,0.7219101123595506,0.36129032258064514,0.4375,0.48622126799696896,0.6470588235294118,500,0.6839642189017027,0.7569170865781035,500,0.32721380471380473,0.39935810810810807,500,0.398522120518688,0.48685031185031186,500,457,101,356,257,99,45,56,0.151382933183195,0.4703267017268264,0.7445767048614973,0.4597305250074845,0.2360975311792886,0.2210065645514223,True,0.05365852051258659
low_PLP,available,v4,nhanes_2007_2008,3,0,Hb_not_low,0.29238754325259514,0.9179156098685728,0.3219047619047619,0.30643699002719854,0.2643755859824161,0.3231160030375066,500,0.9120076508687994,0.9237374660593484,500,0.29170556977416184,0.3532818532818533,500,0.27917940002070024,0.33377996374986213,500,4915,578,4337,3981,356,409,169,0.09438391432362842,0.3201162981941802,0.7512623734136061,0.2930443075211488,0.12366970674236688,0.11759918616480163,True,0.018320113826808013
low_PLP,available,v1_default,nhanes_2007_2008,3,0,female,0.0,1.0,,0.0,0.0,0.0,500,1.0,1.0,500,,,0,0.0,0.0,500,2632,408,2224,2224,0,408,0,0.15413568922026333,0.9692653380481611,0.5135839857525744,0.1822115911453634,0.0024024601605492297,0.15501519756838905,True,0.15261273740783982
low_PLP,available,v1_default,nhanes_2007_2008,3,0,male,0.0,1.0,,0.0,0.0,0.0,500,1.0,1.0,500,,,0,0.0,0.0,500,2740,271,2469,2469,0,271,0,0.09846164474635927,0.6269870058704929,0.4985629929203302,0.10787065747945654,0.0021595751912132674,0.0989051094890511,True,0.09674553429783783
low_PLP,available,v1_default,nhanes_2007_2008,3,0,age18_49,0.0,1.0,,0.0,0.0,0.0,500,1.0,1.0,500,,,0,0.0,0.0,500,2634,245,2389,2389,0,245,0,0.09253925404757536,0.5827291006011682,0.4870537582969563,0.10410991883557211,0.0023747890535712026,0.09301442672741078,True,0.09063963767383958
low_PLP,available,v1_default,nhanes_2007_2008,3,0,age50_79,0.0,1.0,,0.0,0.0,0.0,500,1.0,1.0,500,,,0,0.0,0.0,500,2388,376,2012,2012,0,376,0,0.15665930331952094,0.9951571686276747,0.5201873863203756,0.19136111308526338,0.002131324754508528,0.1574539363484087,True,0.15532261159390018
low_PLP,available,v1_default,nhanes_2007_2008,3,0,age80plus,0.0,1.0,,0.0,0.0,0.0,500,1.0,1.0,500,,,0,0.0,0.0,500,350,58,292,292,0,58,0,0.1646263689840798,1.0220199890329897,0.5837860179499291,0.22682959464207875,0.0025591808160486083,0.1657142857142857,True,0.1631551048982371
low_PLP,available,v1_default,nhanes_2007_2008,3,0,Hb_low,0.0,1.0,,0.0,0.0,0.0,500,1.0,1.0,500,,,0,0.0,0.0,500,457,101,356,356,0,101,0,0.21919584267648695,1.296364941602493,0.5290076760485037,0.2385078978812738,0.003969247412060288,0.2210065645514223,True,0.21703731713936203
low_PLP,available,v1_default,nhanes_2007_2008,3,0,Hb_not_low,0.0,1.0,,0.0,0.0,0.0,500,1.0,1.0,500,,,0,0.0,0.0,500,4915,578,4337,4337,0,578,0,0.1170493470050057,0.7480390615494549,0.4861160864948185,0.12742005396205172,0.0021213764189579602,0.11759918616480163,True,0.11547780974584367
low_PLP,available,v1_tuned,nhanes_2007_2008,3,0,female,0.049019607843137254,0.9716726618705036,0.24096385542168675,0.0814663951120163,0.037032690337999316,0.06279659588810246,500,0.9664767618007105,0.9771920609575034,500,0.19495565410199558,0.2927640449438202,500,0.06275521592416065,0.10345319388019708,500,2632,408,2224,2161,63,388,20,0.15413568922026333,0.9692653380481611,0.5135839857525744,0.1822115911453634,0.0024024601605492297,0.15501519756838905,True,0.15261273740783982
low_PLP,available,v1_tuned,nhanes_2007_2008,3,0,male,0.01845018450184502,0.9858242203321183,0.125,0.03215434083601286,0.007393057263905972,0.02946874321684393,500,0.9820366794014157,0.9893656786764663,500,0.05060897435897436,0.20994492044063645,500,0.012861736334405145,0.05146561617916187,500,2740,271,2469,2434,35,266,5,0.09846164474635927,0.6269870058704929,0.4985629929203302,0.10787065747945654,0.0021595751912132674,0.0989051094890511,True,0.09674553429783783
low_PLP,available,v1_tuned,nhanes_2007_2008,3,0,age18_49,0.036734693877551024,0.9782335705316032,0.14754098360655737,0.058823529411764705,0.022170599803343165,0.04888501742160278,500,0.9736842105263158,0.9829950423351158,500,0.09259259259259259,0.2,500,0.03590353523632707,0.0781274448443123,500,2634,245,2389,2337,52,236,9,0.09253925404757536,0.5827291006011682,0.4870537582969563,0.10410991883557211,0.0023747890535712026,0.09301442672741078,True,0.09063963767383958
low_PLP,available,v1_tuned,nhanes_2007_2008,3,0,age50_79,0.031914893617021274,0.9821073558648111,0.25,0.05660377358490566,0.018514137737961924,0.04477941176470588,500,0.9778824659483429,0.986284183256265,500,0.16,0.3406794003868472,500,0.03348557692307692,0.07820223140263609,500,2388,376,2012,1976,36,364,12,0.15665930331952094,0.9951571686276747,0.5201873863203756,0.19136111308526338,0.002131324754508528,0.1574539363484087,True,0.15532261159390018
low_PLP,available,v1_tuned,nhanes_2007_2008,3,0,age80plus,0.06896551724137931,0.9657534246575342,0.2857142857142857,0.1111111111111111,0.02555288461538463,0.11648255813953487,500,0.9509935347671197,0.9792076174456326,500,0.125,0.4444444444444444,500,0.04154661016949155,0.18071095571095566,500,350,58,292,282,10,54,4,0.1646263689840798,1.0220199890329897,0.5837860179499291,0.22682959464207875,0.0025591808160486083,0.1657142857142857,True,0.1631551048982371
low_PLP,available,v1_tuned,nhanes_2007_2008,3,0,Hb_low,0.09900990099009901,0.898876404494382,0.21739130434782608,0.1360544217687075,0.06827765086617171,0.1271995377503852,500,0.8758060986285381,0.9187952222553911,500,0.14583333333333334,0.29413802660753874,500,0.09484439445069366,0.17073170731707318,500,457,101,356,320,36,91,10,0.21919584267648695,1.296364941602493,0.5290076760485037,0.2385078978812738,0.003969247412060288,0.2210065645514223,True,0.21703731713936203
low_PLP,available,v1_tuned,nhanes_2007_2008,3,0,Hb_not_low,0.025951557093425604,0.985704403965875,0.19480519480519481,0.04580152671755725,0.015372815661542505,0.03568245778611632,500,0.9823937859369755,0.9888927691905737,500,0.12962948815889994,0.25905228758169935,500,0.027289414248348767,0.061633281972265024,500,4915,578,4337,4275,62,563,15,0.1170493470050057,0.7480390615494549,0.4861160864948185,0.12742005396205172,0.0021213764189579602,0.11759918616480163,True,0.11547780974584367
low_PLP,drop30,v4,nhanes_2007_2008,3,10,female,0.3088235294117647,0.8812949640287769,0.3230769230769231,0.3157894736842105,0.2787059807200472,0.33914394294153666,500,0.8693258840202414,0.8923795326120908,500,0.29623959348983725,0.3508081195221428,500,0.2896702843361259,0.3403512893507642,500,2632,408,2224,1960,264,282,126,0.12466438879119912,0.4074114587482216,0.6753035071942446,0.2864360204557785,0.15774085877052424,0.15501519756838905,True,0.015117387060492711
low_PLP,drop30,v4,nhanes_2007_2008,3,10,male,0.16605166051660517,0.9655731065208586,0.34615384615384615,0.22443890274314215,0.14065322005703423,0.19571609195402298,500,0.9594784813888177,0.971463760660683,500,0.2961407407407407,0.4025433944069431,500,0.1940429321334833,0.25951178451178447,500,2740,271,2469,2384,85,226,45,0.08185897820712558,0.28660861390830084,0.758109039170586,0.26514205081753905,0.09536709007938668,0.0989051094890511,True,0.017682805247355778
low_PLP,drop30,v4,nhanes_2007_2008,3,10,age18_49,0.15918367346938775,0.9677689409794893,0.33620689655172414,0.21606648199445982,0.1301700775628446,0.18941801619433193,500,0.9623445744499108,0.9729229474295871,500,0.28033666100254884,0.3956081081081081,500,0.17992002285061412,0.2530827722585809,500,2634,245,2389,2312,77,206,39,0.07771836590261116,0.2736749474725814,0.7667950897395375,0.25034002900437374,0.09478127564763235,0.09301442672741078,True,0.020414259679916707
low_PLP,drop30,v4,nhanes_2007_2008,3,10,age50_79,0.3058510638297872,0.8966202783300199,0.3560371517027864,0.3290414878397711,0.2758152173913044,0.332378223495702,500,0.888092790523521,0.9057176470004509,500,0.3262976929902396,0.3887147335423197,500,0.3036977089446035,0.353366612633854,500,2388,376,2012,1804,208,261,115,0.12407060992428037,0.4073025603338045,0.6794948394737956,0.312001153291633,0.15083447391922236,0.1574539363484087,True,0.01690890500242417
low_PLP,drop30,v4,nhanes_2007_2008,3,10,age80plus,0.29310344827586204,0.7808219178082192,0.20987654320987653,0.2446043165467626,0.21428030303030304,0.39285714285714285,500,0.7526119267057666,0.8122808368551397,500,0.1556475903614458,0.26707364341085266,500,0.18247744621790424,0.3123376623376623,500,350,58,292,228,64,41,17,0.14691279799800225,0.4689035308975968,0.5741615493623052,0.22196907776719266,0.1903804666473507,0.1657142857142857,True,0.06668758499684599
low_PLP,drop30,v4,nhanes_2007_2008,3,10,Hb_low,0.4752475247524752,0.7612359550561798,0.3609022556390977,0.41025641025641024,0.39810810810810815,0.5661868686868686,500,0.7229368894877055,0.7984503552729992,500,0.31706289460903353,0.4120356037151703,500,0.3617754970499281,0.47137603105288695,500,457,101,356,271,85,53,48,0.16591416089257977,0.5156932348072354,0.6758260095672489,0.3761361633164574,0.2040986423341436,0.2210065645514223,True,0.05129924219221603
low_PLP,drop30,v4,nhanes_2007_2008,3,10,Hb_not_low,0.21280276816608998,0.9391284297901775,0.3178294573643411,0.2549222797927461,0.1903141625893213,0.23718818183863058,500,0.9322585788294789,0.9457572787527695,500,0.2890024710928758,0.3522128707202565,500,0.23125,0.27889861349382683,500,4915,578,4337,4073,264,455,123,0.0969659206628792,0.32999852558029646,0.7214201770713575,0.2566944322240415,0.11865853256456475,0.11759918616480163,True,0.01271367038264322
low_PLP,drop30,v1_default,nhanes_2007_2008,3,10,female,0.0,1.0,,0.0,0.0,0.0,500,1.0,1.0,500,,,0,0.0,0.0,500,2632,408,2224,2224,0,408,0,0.15351013223485982,0.8804539202008446,0.5165364032303569,0.17346091405671388,0.004699549033037323,0.15501519756838905,True,0.1504563983566674
low_PLP,drop30,v1_default,nhanes_2007_2008,3,10,male,0.0,1.0,,0.0,0.0,0.0,500,1.0,1.0,500,,,0,0.0,0.0,500,2740,271,2469,2469,0,271,0,0.0980483391619041,0.5679922359113999,0.5129016782269888,0.10312277376284176,0.00444237826681951,0.0989051094890511,True,0.09456211463119013
low_PLP,drop30,v1_default,nhanes_2007_2008,3,10,age18_49,0.0,1.0,,0.0,0.0,0.0,500,1.0,1.0,500,,,0,0.0,0.0,500,2634,245,2389,2389,0,245,0,0.09217324773447795,0.530806056919642,0.5184083512015103,0.10281060533608719,0.004521943162694576,0.09301442672741078,True,0.08859586645786216
low_PLP,drop30,v1_default,nhanes_2007_2008,3,10,age50_79,0.0,1.0,,0.0,0.0,0.0,500,1.0,1.0,500,,,0,0.0,0.0,500,2388,376,2012,2012,0,376,0,0.15604561804824507,0.9040074814708924,0.5159177911255869,0.16765411136264896,0.0043715713121218105,0.1574539363484087,True,0.1530823650362869
low_PLP,drop30,v1_default,nhanes_2007_2008,3,10,age80plus,0.0,1.0,,0.0,0.0,0.0,500,1.0,1.0,500,,,0,0.0,0.0,500,350,58,292,292,0,58,0,0.16362813403984033,0.9049726419629448,0.5259211147850732,0.20418007634742202,0.00626062549187227,0.1657142857142857,True,0.16051209887870746
low_PLP,drop30,v1_default,nhanes_2007_2008,3,10,Hb_low,0.0,1.0,,0.0,0.0,0.0,500,1.0,1.0,500,,,0,0.0,0.0,500,457,101,356,356,0,101,0,0.218379070926233,1.1993069165591936,0.5257815107353432,0.2410999592720087,0.005840914767629106,0.2210065645514223,True,0.2151656497837932
low_PLP,drop30,v1_default,nhanes_2007_2008,3,10,Hb_not_low,0.0,1.0,,0.0,0.0,0.0,500,1.0,1.0,500,,,0,0.0,0.0,500,4915,578,4337,4337,0,578,0,0.11655989459460424,0.6766165174971124,0.5064086044839886,0.12453260426262662,0.004450057264950802,0.11759918616480163,True,0.11327990490600531
low_PLP,drop30,v1_tuned,nhanes_2007_2008,3,10,female,0.11764705882352941,0.8907374100719424,0.16494845360824742,0.13733905579399142,0.09723581946702645,0.14090595303248915,500,0.8785157572429151,0.9033982952414611,500,0.13808903426100455,0.1950821546906681,500,0.115975159065798,0.16171392125933554,500,2632,408,2224,1981,243,360,48,0.15351013223485982,0.8804539202008446,0.5165364032303569,0.17346091405671388,0.004699549033037323,0.15501519756838905,True,0.1504563983566674
low_PLP,drop30,v1_tuned,nhanes_2007_2008,3,10,male,0.08856088560885608,0.9198055893074119,0.10810810810810811,0.0973630831643002,0.06854013154641214,0.10951801363193768,500,0.9109053166013377,0.9277093618637965,500,0.08447417840375587,0.13582881512827294,500,0.07651257606490872,0.11988622754491017,500,2740,271,2469,2271,198,247,24,0.0980483391619041,0.5679922359113999,0.5129016782269888,0.10312277376284176,0.00444237826681951,0.0989051094890511,True,0.09456211463119013
low_PLP,drop30,v1_tuned,nhanes_2007_2008,3,10,age18_49,0.11020408163265306,0.9091670154876518,0.11065573770491803,0.11042944785276074,0.08960427085814082,0.13185221837374236,500,0.9005420642708941,0.9176579458990107,500,0.0916492363877822,0.12734893758300134,500,0.09192546972860126,0.12787281227523375,500,2634,245,2389,2172,217,218,27,0.09217324773447795,0.530806056919642,0.5184083512015103,0.10281060533608719,0.004521943162694576,0.09301442672741078,True,0.08859586645786216
low_PLP,drop30,v1_tuned,nhanes_2007_2008,3,10,age50_79,0.09308510638297872,0.9095427435387674,0.16129032258064516,0.11804384485666104,0.0665727654698243,0.12033392589056323,500,0.8984345405373811,0.9200134444818138,500,0.11736883942766295,0.20502506265664158,500,0.08428300432577862,0.15066844919786093,500,2388,376,2012,1830,182,341,35,0.15604561804824507,0.9040074814708924,0.5159177911255869,0.16765411136264896,0.0043715713121218105,0.1574539363484087,True,0.1530823650362869
low_PLP,drop30,v1_tuned,nhanes_2007_2008,3,10,age80plus,0.1724137931034483,0.8561643835616438,0.19230769230769232,0.18181818181818182,0.1016949152542373,0.25222457627118633,500,0.8229927884615384,0.8852987964416535,500,0.12244897959183673,0.26857829670329664,500,0.11316421895861148,0.25110294117647053,500,350,58,292,250,42,48,10,0.16362813403984033,0.9049726419629448,0.5259211147850732,0.20418007634742202,0.00626062549187227,0.1657142857142857,True,0.16051209887870746
low_PLP,drop30,v1_tuned,nhanes_2007_2008,3,10,Hb_low,0.21782178217821782,0.8202247191011236,0.2558139534883721,0.23529411764705882,0.18903153153153154,0.2525952203136669,500,0.78492594736143,0.8569660428323365,500,0.20518048128342245,0.32251386001385995,500,0.20047738693467337,0.27225130890052357,500,457,101,356,292,64,79,22,0.218379070926233,1.1993069165591936,0.5257815107353432,0.2410999592720087,0.005840914767629106,0.2210065645514223,True,0.2151656497837932
low_PLP,drop30,v1_tuned,nhanes_2007_2008,3,10,Hb_not_low,0.08650519031141868,0.9130735531473368,0.117096018735363,0.09950248756218906,0.06899308323369205,0.10469021739130432,500,0.9066632126588317,0.9194581154912385,500,0.0946775571215033,0.13912139156599249,500,0.08007634827810266,0.11866521891274366,500,4915,578,4337,3960,377,528,50,0.11655989459460424,0.6766165174971124,0.5064086044839886,0.12453260426262662,0.004450057264950802,0.11759918616480163,True,0.11327990490600531
low_PLP,cbc_only,v4,nhanes_2007_2008,0,5375,female,0.3088235294117647,0.8378985181859003,0.2587268993839836,0.28156424581005585,0.2679263619935749,0.35223805411629233,500,0.8259157739621436,0.8485671689168671,500,0.23780372729417315,0.27933582521170897,500,0.2536200315326529,0.30953071518645286,500,2635,408,2227,1866,361,282,126,0.12901561167832232,0.42175065371330595,0.6274003539449009,0.23094495052748615,0.17334317306226096,0.15483870967741936,True,0.019408977071670327
low_PLP,cbc_only,v4,nhanes_2007_2008,0,5375,male,0.23616236162361623,0.9396516808424463,0.3004694835680751,0.2644628099173554,0.20450057405281286,0.2704119402985074,500,0.9354148801747055,0.94358960251896,500,0.26632183908045975,0.33806338028169014,500,0.23353896103896105,0.2955555009078352,500,2740,271,2469,2320,149,207,64,0.08302650236322172,0.2910108136945322,0.7349495366156578,0.23655610475148273,0.10499733426322834,0.0989051094890511,True,0.006573904362684061
low_PLP,cbc_only,v4,nhanes_2007_2008,0,5375,age18_49,0.15918367346938775,0.9489753241321622,0.2422360248447205,0.1921182266009852,0.13513596386263013,0.19213973799126638,500,0.942777863653526,0.9551104809520133,500,0.21344717730885174,0.27797672519395666,500,0.1678662304616503,0.22169179229480734,500,2636,245,2391,2269,122,206,39,0.08107200951019818,0.2867904244157502,0.7134885070715865,0.18656498382856743,0.1014105346398668,0.09294385432473444,True,0.01395375148763245
low_PLP,cbc_only,v4,nhanes_2007_2008,0,5375,age50_79,0.3537234042553192,0.8400397416790859,0.2923076923076923,0.3200962695547533,0.31571418675533386,0.39762096774193545,500,0.8309870381175395,0.8485245347978232,500,0.26556360306360305,0.3195641913152926,500,0.2908406933730967,0.34889681069353035,500,2389,376,2013,1691,322,243,133,0.12714895574761284,0.4152770083357807,0.6597885023940134,0.26610055946251365,0.1717823239721046,0.15738802846379238,True,0.014762647347799543
low_PLP,cbc_only,v4,nhanes_2007_2008,0,5375,age80plus,0.3103448275862069,0.773972602739726,0.21428571428571427,0.2535211267605634,0.2631766161459944,0.36605769230769225,500,0.7352930943468663,0.811944027986007,500,0.16291076845298283,0.2756907894736842,500,0.20302908841044437,0.30942402381770295,500,350,58,292,226,66,40,18,0.14281165970764959,0.4588750582385197,0.5640056683986774,0.21234151965045295,0.1907023303435901,0.1657142857142857,True,0.045879582745979544
low_PLP,cbc_only,v4,nhanes_2007_2008,0,5375,Hb_low,0.6237623762376238,0.5294117647058824,0.2727272727272727,0.3795180722891566,0.5727284042818023,0.6749544488308533,500,0.48533496732026143,0.5700128992628992,500,0.24788050734312417,0.2987551867219917,500,0.35049253991798274,0.408866466294547,500,458,101,357,189,168,38,63,0.1755711211223975,0.534847094145224,0.5885403666417062,0.27496468307498356,0.2529477958089018,0.2205240174672489,True,0.06487117153468272
low_PLP,cbc_only,v4,nhanes_2007_2008,0,5375,Hb_not_low,0.21972318339100347,0.921179995390643,0.27078891257995735,0.24259789875835722,0.19108972240581626,0.25228305383672617,500,0.9146605690949539,0.9277219110115237,500,0.2437144899950262,0.29770238095238094,500,0.21482391071905907,0.27126550138118977,500,4917,578,4339,3997,342,451,127,0.09905169407637762,0.3383613245757711,0.6900163560401318,0.2220389971068269,0.12784255977625103,0.11755135245068131,True,0.010291207325569707
low_PLP,cbc_only,v1_default,nhanes_2007_2008,0,5375,female,0.029411764705882353,0.9838347552761563,0.25,0.05263157894736842,0.016411721696298006,0.043536789297658855,500,0.9806230435379071,0.986840898337056,500,0.1552790346907994,0.35294117647058826,500,0.02990868413843485,0.07709289283165086,500,2635,408,2227,2191,36,396,12,0.15568045075491893,0.9792894095077308,0.5653807549063631,0.19297350257332962,0.02389863845177996,0.15483870967741936,True,0.15258193956421032
low_PLP,cbc_only,v1_default,nhanes_2007_2008,0,5375,male,0.007380073800738007,0.991494532199271,0.08695652173913043,0.013605442176870748,0.0,0.015151515151515152,500,0.9890723366621218,0.9944281324008142,500,0.0,0.16,500,0.0,0.027546570602455318,500,2740,271,2469,2448,21,269,2,0.0995104277866503,0.5821154069212396,0.5561224871057946,0.12740565032304274,0.016283273916969702,0.0989051094890511,True,0.09412067536752218
low_PLP,cbc_only,v1_default,nhanes_2007_2008,0,5375,age18_49,0.00816326530612245,0.9874529485570891,0.0625,0.01444043321299639,0.0,0.015939682539682535,500,0.9843306078906889,0.9908384090070136,500,0.0,0.125,500,0.0,0.028070175438596492,500,2636,245,2391,2361,30,243,2,0.09647209071633853,0.5823248587659642,0.4778992651012726,0.10017366587342685,0.01949607853177258,0.09294385432473444,True,0.09218174522613264
low_PLP,cbc_only,v1_default,nhanes_2007_2008,0,5375,age50_79,0.02925531914893617,0.9885742672627919,0.3235294117647059,0.05365853658536585,0.01512976273773933,0.04354045729179007,500,0.9852683946020102,0.9916224698893513,500,0.1935483870967742,0.442892156862745,500,0.02839255101011799,0.07883906037662589,500,2389,376,2013,1990,23,365,11,0.1547228936266473,0.9456442757803057,0.5837429051590195,0.21808013428533785,0.020877931489490208,0.15738802846379238,True,0.15096608460322045
low_PLP,cbc_only,v1_default,nhanes_2007_2008,0,5375,age80plus,0.017241379310344827,0.9863013698630136,0.2,0.031746031746031744,0.0,0.03740391334730955,500,0.9760662606947497,0.9965641237600378,500,0.0,0.5,500,0.0,0.06779661016949153,500,350,58,292,288,4,57,1,0.16840895963515554,1.0893465899166712,0.5991379310344827,0.22000201916312415,0.018057261470835882,0.1657142857142857,True,0.17052256010776456
low_PLP,cbc_only,v1_default,nhanes_2007_2008,0,5375,Hb_low,0.0297029702970297,0.957983193277311,0.16666666666666666,0.05042016806722689,0.0,0.05640237439050243,500,0.9481405315232397,0.9681683952147979,500,0.0,0.2777777777777778,500,0.0,0.0920395201129146,500,458,101,357,342,15,98,3,0.21534859884549734,1.0620897100269568,0.5575616385167929,0.25255385117091605,0.0654506545451696,0.2205240174672489,True,0.21191069839051666
low_PLP,cbc_only,v1_default,nhanes_2007_2008,0,5375,Hb_not_low,0.01903114186851211,0.9903203503111316,0.20754716981132076,0.03486529318541997,0.012891345339698403,0.026363776275158124,500,0.9884181050198522,0.9922760794917506,500,0.15952272727272726,0.2545454545454545,500,0.023963430271323794,0.04758320126782884,500,4917,578,4339,4297,42,567,11,0.11882182257543125,0.7502515195901405,0.5074152432552268,0.13316782183852136,0.015784560315486987,0.11755135245068131,True,0.11492622303145072
low_PLP,cbc_only,v1_tuned,nhanes_2007_2008,0,5375,female,0.056372549019607844,0.9721598563089358,0.27058823529411763,0.09330628803245436,0.03656814591137273,0.07886039315365594,500,0.9667625247500982,0.9780236489816841,500,0.19773511372348582,0.34447534297367444,500,0.06224833298351551,0.12603419416547107,500,2635,408,2227,2165,62,385,23,0.15568045075491893,0.9792894095077308,0.5653807549063631,0.19297350257332962,0.02389863845177996,0.15483870967741936,True,0.15258193956421032
low_PLP,cbc_only,v1_tuned,nhanes_2007_2008,0,5375,male,0.05166051660516605,0.9756986634264885,0.1891891891891892,0.08115942028985507,0.027963615023474178,0.07533602150537634,500,0.9698160631996627,0.9815084270303556,500,0.12177818061964403,0.25,500,0.04597701149425287,0.11409626592949511,500,2740,271,2469,2409,60,257,14,0.0995104277866503,0.5821154069212396,0.5561224871057946,0.12740565032304274,0.016283273916969702,0.0989051094890511,True,0.09412067536752218
low_PLP,cbc_only,v1_tuned,nhanes_2007_2008,0,5375,age18_49,0.04081632653061224,0.972814721873693,0.13333333333333333,0.0625,0.02553191489361702,0.058823529411764705,500,0.9681770638390137,0.9778846794431508,500,0.08630434782608695,0.1788512793176972,500,0.039333053826555296,0.0873858525282813,500,2636,245,2391,2326,65,235,10,0.09647209071633853,0.5823248587659642,0.4778992651012726,0.10017366587342685,0.01949607853177258,0.09294385432473444,True,0.09218174522613264
low_PLP,cbc_only,v1_tuned,nhanes_2007_2008,0,5375,age50_79,0.06648936170212766,0.9751614505712867,0.3333333333333333,0.11086474501108648,0.03568537090990587,0.09904093066687415,500,0.9705333134554918,0.9796204928412177,500,0.2198479049153908,0.4235294117647059,500,0.0617390279051487,0.16164520224922907,500,2389,376,2013,1963,50,351,25,0.1547228936266473,0.9456442757803057,0.5837429051590195,0.21808013428533785,0.020877931489490208,0.15738802846379238,True,0.15096608460322045
low_PLP,cbc_only,v1_tuned,nhanes_2007_2008,0,5375,age80plus,0.034482758620689655,0.976027397260274,0.2222222222222222,0.05970149253731343,0.0,0.06779661016949153,500,0.9634965034965035,0.9896923712801133,500,0.0,0.4369047619047615,500,0.0,0.11428571428571428,500,350,58,292,285,7,56,2,0.16840895963515554,1.0893465899166712,0.5991379310344827,0.22000201916312415,0.018057261470835882,0.1657142857142857,True,0.17052256010776456
low_PLP,cbc_only,v1_tuned,nhanes_2007_2008,0,5375,Hb_low,0.1485148514851485,0.896358543417367,0.28846153846153844,0.19607843137254902,0.09547872340425531,0.21,500,0.8724982583598726,0.9194613281797609,500,0.20522030651340997,0.38156382978723397,500,0.13112745098039216,0.2662237762237762,500,458,101,357,320,37,86,15,0.21534859884549734,1.0620897100269568,0.5575616385167929,0.25255385117091605,0.0654506545451696,0.2205240174672489,True,0.21191069839051666
low_PLP,cbc_only,v1_tuned,nhanes_2007_2008,0,5375,Hb_not_low,0.03806228373702422,0.9804102327725283,0.205607476635514,0.06423357664233577,0.022881612104156526,0.05301929392446632,500,0.9765543384085458,0.9842998578867288,500,0.14500809061488673,0.2570183486238532,500,0.040418861693643504,0.08714621242675143,500,4917,578,4339,4254,85,556,22,0.11882182257543125,0.7502515195901405,0.5074152432552268,0.13316782183852136,0.015784560315486987,0.11755135245068131,True,0.11492622303145072
