endpoint,view,model,cycle,excluded_sparse,cbc_routed_count,sensitivity,specificity,precision,F1,sensitivity_ci_low,sensitivity_ci_high,sensitivity_bootstrap_valid,specificity_ci_low,specificity_ci_high,specificity_bootstrap_valid,precision_ci_low,precision_ci_high,precision_bootstrap_valid,F1_ci_low,F1_ci_high,F1_bootstrap_valid,n,positives,negatives,tn,fp,fn,tp,Brier,log_loss,AUROC,AP,mean_score,reference_positive_fraction,adequate_positive_count,ECE10
low_ferritin,available,v4,nhanes_2007_2008,0,0,0.6338028169014085,0.9135446685878963,0.6,0.6164383561643836,0.5890638403539663,0.6837209302325581,500,0.8967467206189693,0.9296587101042197,500,0.5755372756557754,0.6306612353164077,500,0.5983690693430657,0.6364616389770393,500,1254,213,1041,951,90,78,135,0.08967376765909187,0.3012155902174129,0.8708672141719997,0.6701693730985369,0.15333630706987672,0.16985645933014354,True,0.023166541413570683
low_ferritin,available,v1_default,nhanes_2007_2008,0,0,0.15492957746478872,0.9903938520653218,0.7674418604651163,0.2578125,0.1181495633187773,0.19545736434108527,500,0.9859071450129462,0.9942935136897002,500,0.6666666666666666,0.8642813267813267,500,0.20194993349800494,0.3143546842170313,500,1254,213,1041,1031,10,180,33,0.11682089493165991,0.38972941227168145,0.8235535531472538,0.5508567127416448,0.0922746835481947,0.16985645933014354,True,0.08055550204688179
low_ferritin,available,v1_tuned,nhanes_2007_2008,0,0,0.37089201877934275,0.9558117195004803,0.632,0.46745562130177515,0.3301649814931841,0.4120346365844544,500,0.9476502895486717,0.9627367635395498,500,0.5855425347222222,0.6756996658312447,500,0.430305170409232,0.5070902201921765,500,1254,213,1041,995,46,134,79,0.11682089493165991,0.38972941227168145,0.8235535531472538,0.5508567127416448,0.0922746835481947,0.16985645933014354,True,0.08055550204688179
low_ferritin,drop30,v4,nhanes_2007_2008,0,5,0.6291079812206573,0.8895292987512008,0.5381526104417671,0.5800865800865801,0.576016139657444,0.6855739858946138,500,0.8719536548177143,0.9068479479017554,500,0.5102372798434442,0.5702970691302963,500,0.5520733866907411,0.6137467566165022,500,1254,213,1041,926,115,79,134,0.09733009259843152,0.32647882287742447,0.8422291675122783,0.610748202935342,0.16594706120674138,0.16985645933014354,True,0.021160580702428374
low_ferritin,drop30,v1_default,nhanes_2007_2008,0,5,0.1267605633802817,0.9884726224783862,0.6923076923076923,0.21428571428571427,0.09587242222268653,0.15877179187634793,500,0.9840804099260151,0.9922480620155039,500,0.5806451612903226,0.7868506493506493,500,0.16568352059925093,0.2621096799375488,500,1254,213,1041,1029,12,186,27,0.12088369098879057,0.3961422845981288,0.7802537285834766,0.4680242711644384,0.11165141404572192,0.16985645933014354,True,0.05992235791390306
low_ferritin,drop30,v1_tuned,nhanes_2007_2008,0,5,0.39436619718309857,0.9269932756964457,0.525,0.450402144772118,0.35515672588832486,0.4323655686936937,500,0.918585526948758,0.9347221724868937,500,0.48050354251012145,0.568346836419753,500,0.4116639566395664,0.48586444351923447,500,1254,213,1041,965,76,129,84,0.12088369098879057,0.3961422845981288,0.7802537285834766,0.4680242711644384,0.11165141404572192,0.16985645933014354,True,0.05992235791390306
low_ferritin,cbc_only,v4,nhanes_2007_2008,0,1254,0.6150234741784038,0.9068203650336215,0.5745614035087719,0.5941043083900227,0.5614742181442234,0.6675080128205128,500,0.889196807328027,0.9234429504774976,500,0.5487977781961966,0.60544596206854,500,0.5717494089834515,0.6172155411655874,500,1254,213,1041,944,97,82,131,0.09468512371788405,0.3152703424464818,0.8621675618874953,0.6298687484986274,0.156538448274151,0.16985645933014354,True,0.02185380388410676
low_ferritin,cbc_only,v1_default,nhanes_2007_2008,0,1254,0.18309859154929578,0.9798270893371758,0.65,0.2857142857142857,0.14884312064133481,0.2240665331553182,500,0.9748837209302326,0.9855571035160596,500,0.6120849832470302,0.7017543859649122,500,0.24345782520325204,0.3298485940879596,500,1254,213,1041,1020,21,174,39,0.11424211454579539,0.3760061745166654,0.7775432614901707,0.4892880495293047,0.15774281858005182,0.16985645933014354,True,0.03049452336822044
low_ferritin,cbc_only,v1_tuned,nhanes_2007_2008,0,1254,0.30985915492957744,0.9606147934678194,0.616822429906542,0.4125,0.2759166666666667,0.3463622877343602,500,0.9530539048910753,0.967983636674357,500,0.584070796460177,0.6517380617977528,500,0.3813915857605178,0.4431145996860283,500,1254,213,1041,1000,41,147,66,0.11424211454579539,0.3760061745166654,0.7775432614901707,0.4892880495293047,0.15774281858005182,0.16985645933014354,True,0.03049452336822044
low_B12,available,v4,nhanes_2013_2014,0,0,0.24761904761904763,0.865362035225049,0.036414565826330535,0.06349206349206349,0.20418586789554533,0.29270297312750143,500,0.85788265832868,0.8732158520587067,500,0.02672109906630796,0.04651301270453506,500,0.04776721658607503,0.07961891042430591,500,5215,105,5110,4422,688,79,26,0.019734856877448078,0.09889627645721462,0.589095144907278,0.03108817506038309,0.020317034058946016,0.020134228187919462,True,0.00018280587102655635
low_B12,available,v1_default,nhanes_2013_2014,0,0,0.009523809523809525,0.9980430528375733,0.09090909090909091,0.017241379310344827,0.0,0.021505376344086023,500,0.9970330782509218,0.9990177382609523,500,0.0,0.2222222222222222,500,0.0,0.038461538461538464,500,5215,105,5110,5100,10,104,1,0.023131778424202252,0.11713511890388306,0.5154636101015749,0.022063121403480462,0.0400267889679375,0.020134228187919462,True,0.019892560780018054
low_B12,available,v1_tuned,nhanes_2013_2014,0,0,0.0380952380952381,0.9373776908023483,0.012345679012345678,0.018648018648018648,0.011106309420916163,0.058552255853797815,500,0.9286603826324896,0.945625122732182,500,0.0038441051136363638,0.01929590570719603,500,0.00556221854253393,0.028471479551057624,500,5215,105,5110,4790,320,101,4,0.023131778424202252,0.11713511890388306,0.5154636101015749,0.022063121403480462,0.0400267889679375,0.020134228187919462,True,0.019892560780018054
low_B12,drop30,v4,nhanes_2013_2014,0,94,0.0761904761904762,0.9628180039138943,0.04040404040404041,0.052805280528052806,0.029835115864527632,0.11453161592505853,500,0.9591157171192262,0.9667193446263643,500,0.015035804020100503,0.06460628342245987,500,0.020134228187919462,0.08122537792029316,500,5215,105,5110,4920,190,97,8,0.01988750522569569,0.11272873261228201,0.518861243127388,0.025679711131442892,0.010324574166344962,0.020134228187919462,True,0.009995107082943662
low_B12,drop30,v1_default,nhanes_2013_2014,0,94,0.0,0.9980430528375733,0.0,0.0,0.0,0.0,500,0.9972527800620923,0.9988191645421898,500,0.0,0.0,500,0.0,0.0,500,5215,105,5110,5100,10,105,0,0.024798163255686866,0.12331352920794196,0.5609356071195601,0.02421235848737082,0.05761194632643453,0.020134228187919462,True,0.03747771813851507
low_B12,drop30,v1_tuned,nhanes_2013_2014,0,94,0.11428571428571428,0.8953033268101761,0.021937842778793418,0.03680981595092025,0.0653822629969419,0.17291083916083916,500,0.8852813195169769,0.9040029158777898,500,0.0120426597582038,0.0328886923546778,500,0.020231486747810258,0.054996375594490894,500,5215,105,5110,4575,535,93,12,0.024798163255686866,0.12331352920794196,0.5609356071195601,0.02421235848737082,0.05761194632643453,0.020134228187919462,True,0.03747771813851507
low_B12,cbc_only,v4,nhanes_2013_2014,0,5215,0.13333333333333333,0.8890410958904109,0.024096385542168676,0.04081632653061224,0.10155927539555148,0.16133153569594247,500,0.8817290728175512,0.8956999796461917,500,0.01725552379250789,0.031608084358523726,500,0.029671454515436686,0.052413279361331305,500,5215,105,5110,4543,567,91,14,0.019718970189234446,0.0986032191095334,0.5663088248998229,0.03128517696254129,0.01931366202264041,0.020134228187919462,True,0.0008733833307678343
low_B12,cbc_only,v1_default,nhanes_2013_2014,0,5215,0.009523809523809525,0.9958904109589041,0.045454545454545456,0.015748031496062992,0.0,0.021505376344086023,500,0.9944574176513069,0.9972576807648634,500,0.0,0.1,500,0.0,0.03418803418803419,500,5215,105,5110,5089,21,104,1,0.02966940239452909,0.1447115646182998,0.5254757245363899,0.026709719909345696,0.08130300197323197,0.020134228187919462,True,0.061168773785312484
low_B12,cbc_only,v1_tuned,nhanes_2013_2014,0,5215,0.09523809523809523,0.8998043052837573,0.019157088122605363,0.03189792663476874,0.057526796973518285,0.13793103448275862,500,0.8902464178831445,0.9091978953199292,500,0.011660206718346253,0.02667213311032178,500,0.019510660349422563,0.044451947109570254,500,5215,105,5110,4598,512,95,10,0.02966940239452909,0.1447115646182998,0.5254757245363899,0.026709719909345696,0.08130300197323197,0.020134228187919462,True,0.061168773785312484
low_PLP,available,v4,nhanes_2007_2008,3,0,0.33136966126656847,0.9030470914127424,0.33088235294117646,0.33112582781456956,0.30824858792571735,0.35562754347021824,500,0.8979859564938276,0.9078536454209489,500,0.3089339136133113,0.35673352435530087,500,0.3107586441977886,0.3522611369292451,500,5372,679,4693,4238,455,454,225,0.09923286287515894,0.3328948079511458,0.7575795994849598,0.3216442113713722,0.13323402464401862,0.12639612807148176,True,0.02078066296238805
low_PLP,available,v1_default,nhanes_2007_2008,3,0,0.0,1.0,,0.0,0.0,0.0,500,1.0,1.0,500,,,0,0.0,0.0,500,5372,679,4693,4693,0,679,0,0.12573902468964213,0.7946855483670721,0.5038328322161888,0.14489088393630556,0.002278576166509666,0.12639612807148176,True,0.12411755190497209
low_PLP,available,v1_tuned,nhanes_2007_2008,3,0,0.036818851251840944,0.9791178350735138,0.2032520325203252,0.06234413965087282,0.029049834586114584,0.04545687901047383,500,0.9753868543278444,0.982447525612337,500,0.16393442622950818,0.24336662749706228,500,0.0494087327959253,0.07646568868366611,500,5372,679,4693,4595,98,654,25,0.12573902468964213,0.7946855483670721,0.5038328322161888,0.14489088393630556,0.002278576166509666,0.12639612807148176,True,0.12411755190497209
low_PLP,drop30,v4,nhanes_2007_2008,3,10,0.25184094256259204,0.9256339228638397,0.32884615384615384,0.28523769808173477,0.23216739211020365,0.2717938605305466,500,0.9196356300763693,0.9317609902609998,500,0.3086931790337373,0.3527531779022832,500,0.2683832887672823,0.3028043589527629,500,5372,679,4693,4344,349,508,171,0.1028313982848027,0.34579571138013093,0.7225156258482928,0.27579654429160905,0.12592698568532007,0.12639612807148176,True,0.01380963805920314
low_PLP,drop30,v1_default,nhanes_2007_2008,3,10,0.0,1.0,,0.0,0.0,0.0,500,1.0,1.0,500,,,0,0.0,0.0,500,5372,679,4693,4693,0,679,0,0.12522172698171413,0.7210821750494897,0.5160178086185454,0.13708888358117766,0.004568378537982073,0.12639612807148176,True,0.12194740032840835
low_PLP,drop30,v1_tuned,nhanes_2007_2008,3,10,0.10603829160530191,0.9060302578308118,0.14035087719298245,0.12080536912751678,0.08852124569344051,0.12435350372151202,500,0.8981782367186889,0.9137873712071188,500,0.11860611112096331,0.16320948724979434,500,0.10234325218438763,0.14057731055232794,500,5372,679,4693,4252,441,607,72,0.12522172698171413,0.7210821750494897,0.5160178086185454,0.13708888358117766,0.004568378537982073,0.12639612807148176,True,0.12194740032840835
low_PLP,cbc_only,v4,nhanes_2007_2008,0,5375,0.27982326951399117,0.891396933560477,0.2714285714285714,0.27556200145032633,0.24890535583272194,0.3136052141615225,500,0.8847622180862889,0.8968789233688113,500,0.2536691589638947,0.2915704058131438,500,0.2531074208978536,0.29967036975771244,500,5375,679,4696,4186,510,489,190,0.1055718610693222,0.3551037399176892,0.6903594197298863,0.23114162530421714,0.13850268965587037,0.12632558139534883,True,0.012177108260521532
low_PLP,cbc_only,v1_default,nhanes_2007_2008,0,5375,0.020618556701030927,0.987862010221465,0.19718309859154928,0.037333333333333336,0.012300167080318163,0.030235475865095,500,0.9857603635283047,0.990056119342508,500,0.13793103448275862,0.25309211529662956,500,0.022754602991944765,0.053946549974355336,500,5375,679,4696,4639,57,665,14,0.12704680183714107,0.7768230342357333,0.5309112132532811,0.15299654503282722,0.020016573554034824,0.12632558139534883,True,0.12277835756577275
low_PLP,cbc_only,v1_tuned,nhanes_2007_2008,0,5375,0.054491899852724596,0.9740204429301533,0.23270440251572327,0.0883054892601432,0.03492656046049324,0.07486071150391835,500,0.9694394976833661,0.9781804018480713,500,0.17421676441837733,0.2827485017199191,500,0.058378560782880125,0.11779424001479287,500,5375,679,4696,4574,122,642,37,0.12704680183714107,0.7768230342357333,0.5309112132532811,0.15299654503282722,0.020016573554034824,0.12632558139534883,True,0.12277835756577275
