endpoint,route,model,view,fold,n,positives,AP,AUROC,log_loss,Brier,sensitivity,specificity,precision,F1,tp,fp,fn,tn,threshold
low_ferritin,extended,logistic_values,available,0,468,70,0.5931042150130544,0.8671572146446518,0.3001144923785338,0.0898143043023038,0.6571428571428571,0.8768844221105527,0.4842105263157895,0.5575757575757576,46,49,24,349,0.23245751410437102
low_ferritin,extended,logistic_values,available,1,503,76,0.558958090928106,0.859392333292247,0.31299921158894384,0.0917637319650919,0.6052631578947368,0.892271662763466,0.5,0.5476190476190477,46,46,30,381,0.23245751410437102
low_ferritin,extended,logistic_values,available,2,482,75,0.6185132044339925,0.8652907452907453,0.29898109086966185,0.08979603428390004,0.6266666666666667,0.8845208845208845,0.5,0.5562130177514792,47,47,28,360,0.23245751410437102
low_ferritin,extended,logistic_values,available,3,483,71,0.6761423133394145,0.8932722548885546,0.27216389442229766,0.0818289503520569,0.5352112676056338,0.9660194174757282,0.7307692307692307,0.6178861788617886,38,14,33,398,0.23245751410437102
low_ferritin,extended,logistic_values,available,4,484,81,0.6942558037595007,0.888888888888889,0.2824392851499187,0.08090063299520919,0.6666666666666666,0.9181141439205955,0.6206896551724138,0.6428571428571429,54,33,27,370,0.23245751410437102
low_ferritin,extended,logistic_values,drop30,0,468,70,0.5342778728403099,0.8459798994974875,0.3170107296382226,0.0965517497634813,0.5,0.914572864321608,0.5072463768115942,0.5035971223021583,35,34,35,364,0.23245751410437102
low_ferritin,extended,logistic_values,drop30,1,503,76,0.3924696242123732,0.7569641316405767,0.3872149003341689,0.1120379888191625,0.4342105263157895,0.8665105386416861,0.36666666666666664,0.39759036144578314,33,57,43,370,0.23245751410437102
low_ferritin,extended,logistic_values,drop30,2,482,75,0.4971524707446254,0.7612448812448811,0.36053780701585836,0.10531847030666595,0.4666666666666667,0.8697788697788698,0.3977272727272727,0.4294478527607362,35,53,40,354,0.23245751410437102
low_ferritin,extended,logistic_values,drop30,3,483,71,0.5093601871844886,0.7909202789552852,0.33862181460148355,0.09804667392702952,0.38028169014084506,0.9466019417475728,0.5510204081632653,0.45,27,22,44,390,0.23245751410437102
low_ferritin,extended,logistic_values,drop30,4,484,81,0.6377006083355719,0.8614710657721409,0.3116969016724555,0.09245532410818495,0.6296296296296297,0.9057071960297767,0.5730337078651685,0.6,51,38,30,365,0.23245751410437102
low_ferritin,extended,logistic_mask,available,0,468,70,0.596071151581037,0.8676238334529792,0.29913329516927717,0.0893488782965542,0.5285714285714286,0.9321608040201005,0.578125,0.5522388059701493,37,27,33,371,0.34906137251532515
low_ferritin,extended,logistic_mask,available,1,503,76,0.5580430480507664,0.8581905583631209,0.31296316827786697,0.0916182865876539,0.42105263157894735,0.9437939110070258,0.5714285714285714,0.48484848484848486,32,24,44,403,0.34906137251532515
low_ferritin,extended,logistic_mask,available,2,482,75,0.6089302898530837,0.8574283374283375,0.30348773160549264,0.09113435554890975,0.5333333333333333,0.9336609336609336,0.5970149253731343,0.5633802816901409,40,27,35,380,0.34906137251532515
low_ferritin,extended,logistic_mask,available,3,483,71,0.6769977247355495,0.8929987693149186,0.2720859784457229,0.08183824319940318,0.4084507042253521,0.9781553398058253,0.7631578947368421,0.5321100917431193,29,9,42,403,0.34906137251532515
low_ferritin,extended,logistic_mask,available,4,484,81,0.6919201549527565,0.8883374689826302,0.28323221117344943,0.08128697430102971,0.6049382716049383,0.9578163771712159,0.7424242424242424,0.6666666666666666,49,17,32,386,0.34906137251532515
low_ferritin,extended,logistic_mask,drop30,0,468,70,0.5288372209781721,0.8342067480258435,0.3234738537093945,0.09717792200213814,0.45714285714285713,0.9396984924623115,0.5714285714285714,0.5079365079365079,32,24,38,374,0.34906137251532515
low_ferritin,extended,logistic_mask,drop30,1,503,76,0.3912335612796677,0.7515407370886232,0.39422715352949284,0.11437353295475856,0.39473684210526316,0.9086651053864169,0.43478260869565216,0.41379310344827586,30,39,46,388,0.34906137251532515
low_ferritin,extended,logistic_mask,drop30,2,482,75,0.40964786769607314,0.7003767403767404,0.4782691065629552,0.1471985792583794,0.49333333333333335,0.7764127764127764,0.2890625,0.3645320197044335,37,91,38,316,0.34906137251532515
low_ferritin,extended,logistic_mask,drop30,3,483,71,0.4789374275772575,0.7572815533980584,0.3495495847733958,0.10072891816366064,0.352112676056338,0.9538834951456311,0.5681818181818182,0.43478260869565216,25,19,46,393,0.34906137251532515
low_ferritin,extended,logistic_mask,drop30,4,484,81,0.6151974527448927,0.8492172900775051,0.3256093122009064,0.09637518186363721,0.5432098765432098,0.9230769230769231,0.5866666666666667,0.5641025641025641,44,31,37,372,0.34906137251532515
low_ferritin,extended,catboost,available,0,468,70,0.645684816782093,0.8682699210337401,0.28201990333931787,0.08364888497653408,0.5428571428571428,0.9346733668341709,0.59375,0.5671641791044776,38,26,32,372,0.410917631958545
low_ferritin,extended,catboost,available,1,503,76,0.6257359129013021,0.8737211882164427,0.2892501192822058,0.08893886780329709,0.4868421052631579,0.9437939110070258,0.6065573770491803,0.5401459854014599,37,24,39,403,0.410917631958545
low_ferritin,extended,catboost,available,2,482,75,0.6480245447111704,0.8723341523341523,0.28864822539459256,0.08802743184743712,0.5466666666666666,0.9238329238329238,0.5694444444444444,0.5578231292517006,41,31,34,376,0.410917631958545
low_ferritin,extended,catboost,available,3,483,71,0.6802863335094116,0.8780254341583481,0.2702923647817552,0.07904417485966404,0.4788732394366197,0.9733009708737864,0.7555555555555555,0.5862068965517241,34,11,37,401,0.410917631958545
low_ferritin,extended,catboost,available,4,484,81,0.734827203206394,0.8929326348681187,0.26896372138552255,0.07814538994113421,0.5802469135802469,0.9652605459057072,0.7704918032786885,0.6619718309859155,47,14,34,389,0.410917631958545
low_ferritin,extended,catboost,drop30,0,468,70,0.40139285290220494,0.759834888729361,0.39513983517276774,0.12088048992231057,0.45714285714285713,0.8819095477386935,0.4050632911392405,0.42953020134228187,32,47,38,351,0.410917631958545
low_ferritin,extended,catboost,drop30,1,503,76,0.4265182088015808,0.7642672254406507,0.3740370512264949,0.1147522222424859,0.3815789473684211,0.9110070257611241,0.43283582089552236,0.40559440559440557,29,38,47,389,0.410917631958545
low_ferritin,extended,catboost,drop30,2,482,75,0.46226147958682495,0.7382145782145781,0.3989939787943968,0.12158753071642571,0.4533333333333333,0.8820638820638821,0.4146341463414634,0.43312101910828027,34,48,41,359,0.410917631958545
low_ferritin,extended,catboost,drop30,3,483,71,0.4290076544071293,0.7628880076575959,0.3652122732344812,0.11203487109150126,0.29577464788732394,0.9223300970873787,0.39622641509433965,0.3387096774193548,21,32,50,380,0.410917631958545
low_ferritin,extended,catboost,drop30,4,484,81,0.5419968996344081,0.8240051465857916,0.3575617417844733,0.11077652917312689,0.49382716049382713,0.9032258064516129,0.5063291139240507,0.5,40,39,41,364,0.410917631958545
low_ferritin,extended,catboost_dropout,available,0,468,70,0.6310200350704792,0.8761306532663315,0.28273621314938874,0.08632948439145872,0.6571428571428571,0.8894472361809045,0.5111111111111111,0.575,46,44,24,354,0.25894773118553177
low_ferritin,extended,catboost_dropout,available,1,503,76,0.5947162742154659,0.8617342536669542,0.3005518593759716,0.09137483341722788,0.5657894736842105,0.9110070257611241,0.5308641975308642,0.5477707006369427,43,38,33,389,0.25894773118553177
low_ferritin,extended,catboost_dropout,available,2,482,75,0.621750492228865,0.8651924651924652,0.2973392532218555,0.09101476454752054,0.64,0.8697788697788698,0.4752475247524752,0.5454545454545454,48,53,27,354,0.25894773118553177
low_ferritin,extended,catboost_dropout,available,3,483,71,0.6840833895508465,0.8712224805141529,0.2759322852688673,0.07936554518504187,0.6056338028169014,0.9587378640776699,0.7166666666666667,0.6564885496183206,43,17,28,395,0.25894773118553177
low_ferritin,extended,catboost_dropout,available,4,484,81,0.7144803171400936,0.8906656863646111,0.27351958693410505,0.07986833250458934,0.6666666666666666,0.9255583126550868,0.6428571428571429,0.6545454545454545,54,30,27,373,0.25894773118553177
low_ferritin,extended,catboost_dropout,drop30,0,468,70,0.5570296761524065,0.8599784637473079,0.304541711916197,0.09255778597019033,0.6285714285714286,0.8894472361809045,0.5,0.5569620253164557,44,44,26,354,0.25894773118553177
low_ferritin,extended,catboost_dropout,drop30,1,503,76,0.5667052097684014,0.8368359423148034,0.31401724027340683,0.09417000697041465,0.5394736842105263,0.8992974238875878,0.4880952380952381,0.5125,41,43,35,384,0.25894773118553177
low_ferritin,extended,catboost_dropout,drop30,2,482,75,0.6078699401109338,0.8454381654381654,0.30982671609135015,0.09253400330193795,0.6266666666666667,0.8648648648648649,0.46078431372549017,0.5310734463276836,47,55,28,352,0.25894773118553177
low_ferritin,extended,catboost_dropout,drop30,3,483,71,0.6127524587970338,0.8581977300697388,0.29473180853273206,0.08755148593222499,0.49295774647887325,0.9514563106796117,0.6363636363636364,0.5555555555555556,35,20,36,392,0.25894773118553177
low_ferritin,extended,catboost_dropout,drop30,4,484,81,0.7091481228253028,0.8801887081456975,0.2870976822430011,0.08435555754178568,0.6666666666666666,0.8957816377171216,0.5625,0.6101694915254238,54,42,27,361,0.25894773118553177
low_ferritin,cbc,logistic_values,available,0,468,70,0.5634507665063782,0.8615936826992103,0.3090176586898929,0.0944611058489704,0.6428571428571429,0.8743718592964824,0.47368421052631576,0.5454545454545454,45,50,25,348,0.23610323553428786
low_ferritin,cbc,logistic_values,available,1,503,76,0.5297018481381393,0.843584370762973,0.32651460768791685,0.09688671910627104,0.5,0.9133489461358314,0.5066666666666667,0.5033112582781457,38,37,38,390,0.23610323553428786
low_ferritin,cbc,logistic_values,available,2,482,75,0.5899063471911145,0.8498280098280099,0.31643292759180525,0.09271691629656444,0.6666666666666666,0.8624078624078624,0.4716981132075472,0.5524861878453039,50,56,25,351,0.23610323553428786
low_ferritin,cbc,logistic_values,available,3,483,71,0.6161872779424213,0.8672911253931355,0.2920415068883779,0.08713482209296787,0.5070422535211268,0.9514563106796117,0.6428571428571429,0.5669291338582677,36,20,35,392,0.23610323553428786
low_ferritin,cbc,logistic_values,available,4,484,81,0.6667510146000143,0.8748276812792942,0.2987549594137071,0.08775436711156535,0.654320987654321,0.8982630272952854,0.5638297872340425,0.6057142857142858,53,41,28,362,0.23610323553428786
low_ferritin,cbc,logistic_values,drop30,0,468,70,0.48755456478331494,0.8342426417803303,0.3339130967868645,0.10321909456776511,0.44285714285714284,0.9120603015075377,0.4696969696969697,0.45588235294117646,31,35,39,363,0.23610323553428786
low_ferritin,cbc,logistic_values,drop30,1,503,76,0.33969667887653704,0.670898557870085,0.42039681732064876,0.11914074485412963,0.32894736842105265,0.9016393442622951,0.373134328358209,0.34965034965034963,25,42,51,385,0.23610323553428786
low_ferritin,cbc,logistic_values,drop30,2,482,75,0.44025119893939196,0.7621621621621621,0.3903038834331812,0.11128775508960369,0.4666666666666667,0.8943488943488943,0.44871794871794873,0.45751633986928103,35,43,40,364,0.23610323553428786
low_ferritin,cbc,logistic_values,drop30,3,483,71,0.4255608969829785,0.7726651169150827,0.37177426420451243,0.10891621665426202,0.4084507042253521,0.9466019417475728,0.5686274509803921,0.47540983606557374,29,22,42,390,0.23610323553428786
low_ferritin,cbc,logistic_values,drop30,4,484,81,0.4729688963177663,0.790460435621726,0.38175616012508956,0.11652763400823873,0.41975308641975306,0.9057071960297767,0.4722222222222222,0.4444444444444444,34,38,47,365,0.23610323553428786
low_ferritin,cbc,logistic_mask,available,0,468,70,0.5634507665063782,0.8615936826992103,0.3090176586898929,0.0944611058489704,0.6428571428571429,0.8743718592964824,0.47368421052631576,0.5454545454545454,45,50,25,348,0.2361032355342879
low_ferritin,cbc,logistic_mask,available,1,503,76,0.5297018481381393,0.843584370762973,0.32651460768791685,0.09688671910627104,0.5,0.9133489461358314,0.5066666666666667,0.5033112582781457,38,37,38,390,0.2361032355342879
low_ferritin,cbc,logistic_mask,available,2,482,75,0.5899063471911145,0.8498280098280099,0.31643292759180525,0.09271691629656444,0.6666666666666666,0.8624078624078624,0.4716981132075472,0.5524861878453039,50,56,25,351,0.2361032355342879
low_ferritin,cbc,logistic_mask,available,3,483,71,0.6161872779424213,0.8672911253931355,0.29204150688837777,0.08713482209296787,0.5070422535211268,0.9514563106796117,0.6428571428571429,0.5669291338582677,36,20,35,392,0.2361032355342879
low_ferritin,cbc,logistic_mask,available,4,484,81,0.6667510146000143,0.8748276812792942,0.29875495941370717,0.08775436711156535,0.654320987654321,0.8982630272952854,0.5638297872340425,0.6057142857142858,53,41,28,362,0.2361032355342879
low_ferritin,cbc,logistic_mask,drop30,0,468,70,0.48755456478331494,0.8342426417803303,0.3339130967868644,0.10321909456776511,0.44285714285714284,0.9120603015075377,0.4696969696969697,0.45588235294117646,31,35,39,363,0.2361032355342879
low_ferritin,cbc,logistic_mask,drop30,1,503,76,0.33969667887653704,0.670898557870085,0.4203968173206488,0.11914074485412963,0.32894736842105265,0.9016393442622951,0.373134328358209,0.34965034965034963,25,42,51,385,0.2361032355342879
low_ferritin,cbc,logistic_mask,drop30,2,482,75,0.44025119893939196,0.7621621621621621,0.3903038834331813,0.1112877550896037,0.4666666666666667,0.8943488943488943,0.44871794871794873,0.45751633986928103,35,43,40,364,0.2361032355342879
low_ferritin,cbc,logistic_mask,drop30,3,483,71,0.4255608969829785,0.7726651169150827,0.3717742642045124,0.10891621665426202,0.4084507042253521,0.9466019417475728,0.5686274509803921,0.47540983606557374,29,22,42,390,0.2361032355342879
low_ferritin,cbc,logistic_mask,drop30,4,484,81,0.4729688963177663,0.790460435621726,0.3817561601250896,0.11652763400823873,0.41975308641975306,0.9057071960297767,0.4722222222222222,0.4444444444444444,34,38,47,365,0.2361032355342879
low_ferritin,cbc,catboost,available,0,468,70,0.604432210112188,0.866223977027997,0.29352955074373427,0.08957709264703778,0.5428571428571428,0.914572864321608,0.5277777777777778,0.5352112676056338,38,34,32,364,0.3694420229015281
low_ferritin,cbc,catboost,available,1,503,76,0.5468737870460101,0.8517810920744485,0.314068773146713,0.09668787817191436,0.4342105263157895,0.9414519906323185,0.5689655172413793,0.4925373134328358,33,25,43,402,0.3694420229015281
low_ferritin,cbc,catboost,available,2,482,75,0.6062771259077192,0.8652907452907452,0.30080389055936474,0.09199753649192052,0.6,0.8992628992628993,0.5232558139534884,0.5590062111801242,45,41,30,366,0.3694420229015281
low_ferritin,cbc,catboost,available,3,483,71,0.6547479452639816,0.8627786134281417,0.28364745440554273,0.08232799079591528,0.4647887323943662,0.9733009708737864,0.75,0.5739130434782609,33,11,38,401,0.3694420229015281
low_ferritin,cbc,catboost,available,4,484,81,0.6977183326407058,0.8842937230034005,0.2841473974529716,0.08386536490162126,0.6296296296296297,0.9454094292803971,0.6986301369863014,0.6623376623376623,51,22,30,381,0.3694420229015281
low_ferritin,cbc,catboost,drop30,0,468,70,0.49986789401501913,0.7934314429289304,0.36132153625928703,0.11180577712245635,0.5,0.8567839195979899,0.3804347826086957,0.43209876543209874,35,57,35,341,0.3694420229015281
low_ferritin,cbc,catboost,drop30,1,503,76,0.38492783008159137,0.7303093800073955,0.39313166677131284,0.12080309895716308,0.3815789473684211,0.9063231850117096,0.42028985507246375,0.4,29,40,47,387,0.3694420229015281
low_ferritin,cbc,catboost,drop30,2,482,75,0.4747282060361193,0.7732350532350531,0.38000832722444483,0.11601520699970648,0.5333333333333333,0.8673218673218673,0.425531914893617,0.47337278106508873,40,54,35,353,0.3694420229015281
low_ferritin,cbc,catboost,drop30,3,483,71,0.4532245606032348,0.7889033228497196,0.3466168581304795,0.10505328029708536,0.36619718309859156,0.9247572815533981,0.45614035087719296,0.40625,26,31,45,381,0.3694420229015281
low_ferritin,cbc,catboost,drop30,4,484,81,0.5242340656783175,0.7865085929602058,0.3624926229324901,0.10756413293879392,0.41975308641975306,0.9454094292803971,0.6071428571428571,0.49635036496350365,34,22,47,381,0.3694420229015281
low_ferritin,cbc,catboost_dropout,available,0,468,70,0.617978845957088,0.8748384781048097,0.28730682033923977,0.0874916819536643,0.7,0.8819095477386935,0.5104166666666666,0.5903614457831325,49,47,21,351,0.26952614408091036
low_ferritin,cbc,catboost_dropout,available,1,503,76,0.5247046601290349,0.842259336866757,0.3212783129257637,0.09773374230069466,0.5,0.927400468384075,0.5507246376811594,0.5241379310344828,38,31,38,396,0.26952614408091036
low_ferritin,cbc,catboost_dropout,available,2,482,75,0.5976821254008238,0.8621130221130221,0.30425387331950077,0.09368944460143017,0.6666666666666666,0.8771498771498771,0.5,0.5714285714285714,50,50,25,357,0.26952614408091036
low_ferritin,cbc,catboost_dropout,available,3,483,71,0.6588384357949768,0.8593258580609873,0.2844784987135706,0.08194839154871038,0.5774647887323944,0.941747572815534,0.6307692307692307,0.6029411764705882,41,24,30,388,0.26952614408091036
low_ferritin,cbc,catboost_dropout,available,4,484,81,0.6905616186222259,0.8777073185675336,0.28800454306616813,0.08457748547501136,0.691358024691358,0.9106699751861043,0.6086956521739131,0.6473988439306358,56,36,25,367,0.26952614408091036
low_ferritin,cbc,catboost_dropout,drop30,0,468,70,0.5937854518071063,0.8669059583632447,0.298170698173817,0.09005626679163385,0.6285714285714286,0.871859296482412,0.4631578947368421,0.5333333333333333,44,51,26,347,0.26952614408091036
low_ferritin,cbc,catboost_dropout,drop30,1,503,76,0.48024518292346685,0.8138481449525453,0.33672678333253075,0.10225598859294674,0.4868421052631579,0.9180327868852459,0.5138888888888888,0.5,37,35,39,392,0.26952614408091036
low_ferritin,cbc,catboost_dropout,drop30,2,482,75,0.5744962219161178,0.85002457002457,0.3134807784796866,0.09458172912550235,0.68,0.8648648648648649,0.4811320754716981,0.56353591160221,51,55,24,352,0.26952614408091036
low_ferritin,cbc,catboost_dropout,drop30,3,483,71,0.5981931058756397,0.8645562696567757,0.290300079013453,0.08699955309729202,0.5492957746478874,0.9296116504854369,0.5735294117647058,0.5611510791366906,39,29,32,383,0.26952614408091036
low_ferritin,cbc,catboost_dropout,drop30,4,484,81,0.6832085339967915,0.8621450234353459,0.3025198642803714,0.0882052137625617,0.6419753086419753,0.9156327543424317,0.6046511627906976,0.6227544910179641,52,34,29,369,0.26952614408091036
low_B12,extended,logistic_values,available,0,957,17,0.05698794019106506,0.6167083854818524,0.08727475070297859,0.01734917247583979,0.23529411764705882,0.898936170212766,0.04040404040404041,0.06896551724137931,4,95,13,845,0.03190168651153955
low_B12,extended,logistic_values,available,1,1030,18,0.03190384913441997,0.6181927975406236,0.08716423194065073,0.01714465649219324,0.2777777777777778,0.8952569169960475,0.04504504504504504,0.07751937984496124,5,106,13,906,0.03190168651153955
low_B12,extended,logistic_values,available,2,940,19,0.04877699155748266,0.6170638322189839,0.09668264142649147,0.019690770109838673,0.21052631578947367,0.8990228013029316,0.041237113402061855,0.06896551724137931,4,93,15,828,0.03190168651153955
low_B12,extended,logistic_values,available,3,946,17,0.020165006427116015,0.5265624010637624,0.09270050331586058,0.017842452163790413,0.058823529411764705,0.9106566200215285,0.011904761904761904,0.019801980198019802,1,83,16,846,0.03190168651153955
low_B12,extended,logistic_values,available,4,916,18,0.03416527790747983,0.606347438752784,0.0964537522267043,0.019399281429266134,0.2777777777777778,0.8964365256124721,0.05102040816326531,0.08620689655172414,5,93,13,805,0.03190168651153955
low_B12,extended,logistic_values,drop30,0,957,17,0.07394900156843409,0.6168961201501877,0.08763320573483432,0.01729422746074961,0.17647058823529413,0.924468085106383,0.04054054054054054,0.06593406593406594,3,71,14,869,0.03190168651153955
low_B12,extended,logistic_values,drop30,1,1030,18,0.025925830585325736,0.5796003513394818,0.08857849103939927,0.017210526209815693,0.16666666666666666,0.9169960474308301,0.034482758620689655,0.05714285714285714,3,84,15,928,0.03190168651153955
low_B12,extended,logistic_values,drop30,2,940,19,0.04993116205502136,0.6236356363220755,0.09664064746399284,0.01976083881898048,0.10526315789473684,0.9348534201954397,0.03225806451612903,0.04938271604938271,2,60,17,861,0.03190168651153955
low_B12,extended,logistic_values,drop30,3,946,17,0.017282665127763962,0.47388083328056735,0.09354962095080777,0.01782034214496887,0.0,0.9407965554359526,0.0,0.0,0,55,17,874,0.03190168651153955
low_B12,extended,logistic_values,drop30,4,916,18,0.026810804278290745,0.5657015590200445,0.09856871771995021,0.019424644257740712,0.1111111111111111,0.9187082405345212,0.02666666666666667,0.043010752688172046,2,73,16,825,0.03190168651153955
low_B12,extended,logistic_mask,available,0,957,17,0.056988714997545556,0.6177722152690864,0.08723696333748641,0.0173487190384731,0.23529411764705882,0.8978723404255319,0.04,0.06837606837606838,4,96,13,844,0.031867390486076355
low_B12,extended,logistic_mask,available,1,1030,18,0.03182819269946179,0.6175340360122968,0.08717569027594455,0.017146397630086543,0.2777777777777778,0.8972332015810277,0.045871559633027525,0.07874015748031496,5,104,13,908,0.031867390486076355
low_B12,extended,logistic_mask,available,2,940,19,0.04873404520765186,0.6169495399737128,0.09665065996710871,0.019690590016705655,0.21052631578947367,0.8990228013029316,0.041237113402061855,0.06896551724137931,4,93,15,828,0.031867390486076355
low_B12,extended,logistic_mask,available,3,946,17,0.020175854724611503,0.526878997023998,0.09269967823704967,0.017842897270276235,0.058823529411764705,0.9095801937567277,0.011764705882352941,0.0196078431372549,1,84,16,845,0.031867390486076355
low_B12,extended,logistic_mask,available,4,916,18,0.03418274785484823,0.6071516951249691,0.09642341333313886,0.019400308833101815,0.2777777777777778,0.8964365256124721,0.05102040816326531,0.08620689655172414,5,93,13,805,0.031867390486076355
low_B12,extended,logistic_mask,drop30,0,957,17,0.09252544210079866,0.6087609511889861,0.0903423654113656,0.017344181780792764,0.11764705882352941,0.9446808510638298,0.037037037037037035,0.056338028169014086,2,52,15,888,0.031867390486076355
low_B12,extended,logistic_mask,drop30,1,1030,18,0.02037806643873393,0.43417874396135264,0.1258088239811454,0.017451518101861727,0.05555555555555555,0.967391304347826,0.029411764705882353,0.038461538461538464,1,33,17,979,0.031867390486076355
low_B12,extended,logistic_mask,drop30,2,940,19,0.07399843273527945,0.5086004914566546,0.11810457044698675,0.019889001201582195,0.05263157894736842,0.9750271444082519,0.041666666666666664,0.046511627906976744,1,23,18,898,0.031867390486076355
low_B12,extended,logistic_mask,drop30,3,946,17,0.016924883615782812,0.4793262837966188,0.10160307194755,0.01784975886610751,0.0,0.9709364908503767,0.0,0.0,0,27,17,902,0.031867390486076355
low_B12,extended,logistic_mask,drop30,4,916,18,0.030339075462682864,0.5640930462756744,0.12306283421553571,0.019444357563511944,0.05555555555555555,0.967706013363029,0.03333333333333333,0.041666666666666664,1,29,17,869,0.031867390486076355
low_B12,extended,catboost,available,0,957,17,0.03174146343048075,0.49236545682102634,0.09284706884638666,0.017575744924841773,0.058823529411764705,0.9744680851063829,0.04,0.047619047619047616,1,24,16,916,0.044757110491017923
low_B12,extended,catboost,available,1,1030,18,0.02621925999549784,0.5658761528326746,0.08930634143597867,0.017307695917987375,0.05555555555555555,0.9703557312252964,0.03225806451612903,0.04081632653061224,1,30,17,982,0.044757110491017923
low_B12,extended,catboost,available,2,940,19,0.03025917507559088,0.5755757471855535,0.0997322376491572,0.019883309651910586,0.05263157894736842,0.9598262757871878,0.02631578947368421,0.03508771929824561,1,37,18,884,0.044757110491017923
low_B12,extended,catboost,available,3,946,17,0.020954680282772652,0.4999683404039764,0.09376353245014267,0.017827044985987337,0.058823529411764705,0.9795479009687836,0.05,0.05405405405405406,1,19,16,910,0.044757110491017923
low_B12,extended,catboost,available,4,916,18,0.02939878916333733,0.5447290274684484,0.09891856586664037,0.019390977000227762,0.05555555555555555,0.9788418708240535,0.05,0.05263157894736842,1,19,17,879,0.044757110491017923
low_B12,extended,catboost,drop30,0,957,17,0.016967229331632194,0.4734042553191489,0.09660034539296684,0.018012753881533703,0.058823529411764705,0.9,0.010526315789473684,0.017857142857142856,1,94,16,846,0.044757110491017923
low_B12,extended,catboost,drop30,1,1030,18,0.018478619814438234,0.4026130873956961,0.09723068887932196,0.017871946687741044,0.05555555555555555,0.9219367588932806,0.0125,0.02040816326530612,1,79,17,933,0.044757110491017923
low_B12,extended,catboost,drop30,2,940,19,0.027567501571794484,0.5838619349677123,0.10116363604775684,0.020114695530836273,0.15789473684210525,0.8707926167209555,0.02459016393442623,0.0425531914893617,3,119,16,802,0.044757110491017923
low_B12,extended,catboost,drop30,3,946,17,0.016468434292848066,0.4590008231494966,0.09899190384133928,0.018577398219909436,0.0,0.8880516684607105,0.0,0.0,0,104,17,825,0.044757110491017923
low_B12,extended,catboost,drop30,4,916,18,0.021933128149641757,0.5355110121257114,0.10028409343476817,0.019658393764869976,0.05555555555555555,0.9175946547884187,0.013333333333333334,0.021505376344086023,1,74,17,824,0.044757110491017923
low_B12,extended,catboost_dropout,available,0,957,17,0.019927620248147208,0.5007509386733416,0.09236375490056906,0.017612076564055196,0.11764705882352941,0.8957446808510638,0.02,0.03418803418803419,2,98,15,842,0.027065694164385822
low_B12,extended,catboost_dropout,available,1,1030,18,0.01954838868855746,0.5191589811155028,0.09158255111492727,0.017439391190087333,0.05555555555555555,0.9021739130434783,0.01,0.01694915254237288,1,99,17,913,0.027065694164385822
low_B12,extended,catboost_dropout,available,2,940,19,0.034165690556307485,0.5432881878964513,0.09953968887998028,0.019819192995060412,0.15789473684210525,0.8946796959826275,0.03,0.05042016806722689,3,97,16,824,0.027065694164385822
low_B12,extended,catboost_dropout,available,3,946,17,0.018991255812427464,0.4230355220667384,0.09780818365076724,0.01801159505913321,0.058823529411764705,0.8891280947255114,0.009615384615384616,0.01652892561983471,1,103,16,826,0.027065694164385822
low_B12,extended,catboost_dropout,available,4,916,18,0.025820855472853167,0.5118782479584262,0.10086963286088711,0.019411303865177233,0.1111111111111111,0.9187082405345212,0.02666666666666667,0.043010752688172046,2,73,16,825,0.027065694164385822
low_B12,extended,catboost_dropout,drop30,0,957,17,0.01760985189102962,0.48829787234042554,0.09302125186133807,0.017614725909648656,0.0,0.9010638297872341,0.0,0.0,0,93,17,847,0.027065694164385822
low_B12,extended,catboost_dropout,drop30,1,1030,18,0.02015671768553068,0.5152064119455424,0.09147897961296449,0.01734391214839355,0.0,0.9140316205533597,0.0,0.0,0,87,18,925,0.027065694164385822
low_B12,extended,catboost_dropout,drop30,2,940,19,0.08232580875103382,0.6444939710840619,0.09627115401769747,0.019651113714644664,0.10526315789473684,0.8914223669923995,0.0196078431372549,0.03305785123966942,2,100,17,821,0.027065694164385822
low_B12,extended,catboost_dropout,drop30,3,946,17,0.015890697669131097,0.43405306148293554,0.09641749613775426,0.01807194248315616,0.0,0.9009687836383208,0.0,0.0,0,92,17,837,0.027065694164385822
low_B12,extended,catboost_dropout,drop30,4,916,18,0.02767032488440073,0.4919574362781489,0.09911368500379185,0.019327079248423775,0.1111111111111111,0.9075723830734966,0.023529411764705882,0.038834951456310676,2,83,16,815,0.027065694164385822
low_B12,cbc,logistic_values,available,0,958,17,0.026326361418857316,0.5722948052759893,0.08984456446219614,0.017598188707971252,0.17647058823529413,0.8799149840595112,0.02586206896551724,0.045112781954887216,3,113,14,828,0.029238930383309412
low_B12,cbc,logistic_values,available,1,941,19,0.02935872712775199,0.5707843361114282,0.09931516634311416,0.019804729839890758,0.10526315789473684,0.9154013015184381,0.025,0.04040404040404041,2,78,17,844,0.029238930383309412
low_B12,cbc,logistic_values,available,2,1030,18,0.05009134953451577,0.5295893719806763,0.08818598925893714,0.01714810087290258,0.16666666666666666,0.9041501976284585,0.03,0.05084745762711865,3,97,15,915,0.029238930383309412
low_B12,cbc,logistic_values,available,3,946,17,0.02216615979856181,0.536186918254923,0.09095198344746232,0.017695230423213013,0.17647058823529413,0.9095801937567277,0.034482758620689655,0.057692307692307696,3,84,14,845,0.029238930383309412
low_B12,cbc,logistic_values,available,4,918,18,0.026733670097951218,0.5891975308641976,0.09667805233038786,0.019330982265263554,0.16666666666666666,0.8911111111111111,0.0297029702970297,0.05042016806722689,3,98,15,802,0.029238930383309412
low_B12,cbc,logistic_values,drop30,0,958,17,0.04054513361805989,0.5849221729074201,0.08809838723480891,0.017484322584928227,0.17647058823529413,0.9107332624867163,0.034482758620689655,0.057692307692307696,3,84,14,857,0.029238930383309412
low_B12,cbc,logistic_values,drop30,1,941,19,0.035403135123874746,0.5407580774060966,0.09943883390806565,0.019777068469859067,0.15789473684210525,0.9370932754880694,0.04918032786885246,0.075,3,58,16,864,0.029238930383309412
low_B12,cbc,logistic_values,drop30,2,1030,18,0.053648902364510115,0.536945542380325,0.08789160261606808,0.01714016808949718,0.1111111111111111,0.9258893280632411,0.025974025974025976,0.042105263157894736,2,75,16,937,0.029238930383309412
low_B12,cbc,logistic_values,drop30,3,946,17,0.03715958864023763,0.49066041917305137,0.09085932754717009,0.017668781241839196,0.058823529411764705,0.9472551130247578,0.02,0.029850746268656716,1,49,16,880,0.029238930383309412
low_B12,cbc,logistic_values,drop30,4,918,18,0.022968459417604684,0.5621604938271605,0.09774644852826306,0.01939757159817262,0.05555555555555555,0.9055555555555556,0.011627906976744186,0.019230769230769232,1,85,17,815,0.029238930383309412
low_B12,cbc,logistic_mask,available,0,958,17,0.026326361418857316,0.5722948052759893,0.08984456446219614,0.017598188707971252,0.17647058823529413,0.8799149840595112,0.02586206896551724,0.045112781954887216,3,113,14,828,0.029240906779200056
low_B12,cbc,logistic_mask,available,1,941,19,0.029331366179707538,0.5705559995433269,0.09932153273922023,0.019805021104359704,0.10526315789473684,0.9154013015184381,0.025,0.04040404040404041,2,78,17,844,0.029240906779200056
low_B12,cbc,logistic_mask,available,2,1030,18,0.050097554243868615,0.5296991655687308,0.08819031881171406,0.017148395064463057,0.16666666666666666,0.9051383399209486,0.030303030303030304,0.05128205128205128,3,96,15,916,0.029240906779200056
low_B12,cbc,logistic_mask,available,3,946,17,0.022189801403622516,0.5363135566390174,0.09094957357219717,0.01769513002304226,0.17647058823529413,0.9085037674919269,0.03409090909090909,0.05714285714285714,3,85,14,844,0.029240906779200056
low_B12,cbc,logistic_mask,available,4,918,18,0.0266590629083985,0.588641975308642,0.09669385540205536,0.01933249971038647,0.16666666666666666,0.8911111111111111,0.0297029702970297,0.05042016806722689,3,98,15,802,0.029240906779200056
low_B12,cbc,logistic_mask,drop30,0,958,17,0.04054513361805989,0.5849221729074201,0.08809838723480891,0.017484322584928227,0.17647058823529413,0.9107332624867163,0.034482758620689655,0.057692307692307696,3,84,14,857,0.029240906779200056
low_B12,cbc,logistic_mask,drop30,1,941,19,0.04412510961698317,0.6027514556456216,0.10248471564216077,0.019757812001217935,0.15789473684210525,0.9490238611713666,0.06,0.08695652173913043,3,47,16,875,0.029240906779200056
low_B12,cbc,logistic_mask,drop30,2,1030,18,0.07166781548384574,0.4612977602108037,0.09533826848240066,0.017269224648440357,0.05555555555555555,0.9476284584980237,0.018518518518518517,0.027777777777777776,1,53,17,959,0.029240906779200056
low_B12,cbc,logistic_mask,drop30,3,946,17,0.019438292830705514,0.4712214272145887,0.09288027618871429,0.017725459806173346,0.0,0.9666307857911733,0.0,0.0,0,31,17,898,0.029240906779200056
low_B12,cbc,logistic_mask,drop30,4,918,18,0.028751437969432306,0.6387654320987655,0.09998239841262094,0.019296140602812956,0.05555555555555555,0.9322222222222222,0.016129032258064516,0.025,1,61,17,839,0.029240906779200056
low_B12,cbc,catboost,available,0,958,17,0.03047905207597256,0.49603050571982243,0.09502424981922378,0.017575469188179874,0.11764705882352941,0.9500531349628055,0.04081632653061224,0.06060606060606061,2,47,15,894,0.03444148074025531
low_B12,cbc,catboost,available,1,941,19,0.025744279421381907,0.49817330745518895,0.10432512414624717,0.020059889252879815,0.05263157894736842,0.9707158351409978,0.03571428571428571,0.0425531914893617,1,27,18,895,0.03444148074025531
low_B12,cbc,catboost,available,2,1030,18,0.02313504970889361,0.518719806763285,0.08952155971894347,0.017234630938981293,0.05555555555555555,0.9575098814229249,0.022727272727272728,0.03225806451612903,1,43,17,969,0.03444148074025531
low_B12,cbc,catboost,available,3,946,17,0.02063194966387802,0.4774267080352054,0.09397520819243742,0.017803576131004858,0.058823529411764705,0.9537136706135629,0.022727272727272728,0.03278688524590164,1,43,16,886,0.03444148074025531
low_B12,cbc,catboost,available,4,918,18,0.024332969145671283,0.5324074074074074,0.0987896097323568,0.019369950102374654,0.05555555555555555,0.9588888888888889,0.02631578947368421,0.03571428571428571,1,37,17,863,0.03444148074025531
low_B12,cbc,catboost,drop30,0,958,17,0.01950485571988269,0.48259048571607177,0.09433383466780025,0.01753522927862532,0.0,0.973432518597237,0.0,0.0,0,25,17,916,0.03444148074025531
low_B12,cbc,catboost,drop30,1,941,19,0.02250451204410594,0.4488526087452906,0.10491997981063494,0.020069420145697084,0.15789473684210525,0.9002169197396963,0.031578947368421054,0.05263157894736842,3,92,16,830,0.03444148074025531
low_B12,cbc,catboost,drop30,2,1030,18,0.021972338058589305,0.4768884497145367,0.09158329110575418,0.017278709490087814,0.05555555555555555,0.9634387351778656,0.02631578947368421,0.03571428571428571,1,37,17,975,0.03444148074025531
low_B12,cbc,catboost,drop30,3,946,17,0.025863292172627353,0.5403026657379851,0.09138351989915526,0.017815489141433497,0.11764705882352941,0.9160387513455328,0.025,0.041237113402061855,2,78,15,851,0.03444148074025531
low_B12,cbc,catboost,drop30,4,918,18,0.022776878677324117,0.4917283950617284,0.10280291779862426,0.020000229191332517,0.2777777777777778,0.7355555555555555,0.0205761316872428,0.038314176245210725,5,238,13,662,0.03444148074025531
low_B12,cbc,catboost_dropout,available,0,958,17,0.02341587556970324,0.5260986434956554,0.09260803302483024,0.01801589421924458,0.23529411764705882,0.8926673751328374,0.0380952380952381,0.06557377049180328,4,101,13,840,0.028467984259691492
low_B12,cbc,catboost_dropout,available,1,941,19,0.02623699321944381,0.5453818929101495,0.10125403368655769,0.019969625150619293,0.10526315789473684,0.9154013015184381,0.025,0.04040404040404041,2,78,17,844,0.028467984259691492
low_B12,cbc,catboost_dropout,available,2,1030,18,0.02139551597434413,0.5625823451910408,0.0882637159322445,0.0172178615147835,0.05555555555555555,0.9061264822134387,0.010416666666666666,0.017543859649122806,1,95,17,917,0.028467984259691492
low_B12,cbc,catboost_dropout,available,3,946,17,0.017965309696656405,0.46204014436775787,0.09604387289267544,0.017887658596628577,0.11764705882352941,0.8815931108719053,0.017857142857142856,0.031007751937984496,2,110,15,819,0.028467984259691492
low_B12,cbc,catboost_dropout,available,4,918,18,0.02281904679898686,0.519320987654321,0.10006608905806123,0.019478692989521155,0.1111111111111111,0.9044444444444445,0.022727272727272728,0.03773584905660377,2,86,16,814,0.028467984259691492
low_B12,cbc,catboost_dropout,drop30,0,958,17,0.02632741350031166,0.5475401637807089,0.09037080683646773,0.017680810018743696,0.058823529411764705,0.9404888416578109,0.017543859649122806,0.02702702702702703,1,56,16,885,0.028467984259691492
low_B12,cbc,catboost_dropout,drop30,1,941,19,0.030962006722325477,0.5684438862883892,0.1000558668258441,0.01985780242597916,0.10526315789473684,0.9392624728850325,0.034482758620689655,0.05194805194805195,2,56,17,866,0.028467984259691492
low_B12,cbc,catboost_dropout,drop30,2,1030,18,0.03246683753945044,0.6499231444883619,0.08582177064458041,0.017101976734747202,0.1111111111111111,0.9120553359683794,0.02197802197802198,0.03669724770642202,2,89,16,923,0.028467984259691492
low_B12,cbc,catboost_dropout,drop30,3,946,17,0.01568273887455416,0.4091686190084215,0.09637272959244714,0.017868517401306905,0.058823529411764705,0.9246501614639397,0.014084507042253521,0.022727272727272728,1,70,16,859,0.028467984259691492
low_B12,cbc,catboost_dropout,drop30,4,918,18,0.03206130655122637,0.4938271604938272,0.09878091293321467,0.019388400207406658,0.16666666666666666,0.9311111111111111,0.046153846153846156,0.07228915662650602,3,62,15,838,0.028467984259691492
low_PLP,extended,logistic_values,available,0,931,109,0.34487197783940143,0.7714234692738677,0.3108734468805815,0.0907378289037854,0.4036697247706422,0.9172749391727494,0.39285714285714285,0.39819004524886875,44,68,65,754,0.24299803831455358
low_PLP,extended,logistic_values,available,1,1036,140,0.349958438493566,0.7453922193877551,0.3472730568003083,0.10347464815445945,0.36428571428571427,0.9040178571428571,0.3722627737226277,0.36823104693140796,51,86,89,810,0.24299803831455358
low_PLP,extended,logistic_values,available,2,826,137,0.33567581835983307,0.7185066689267212,0.4176749469070546,0.12882652025650423,0.30656934306569344,0.8853410740203193,0.34710743801652894,0.32558139534883723,42,79,95,610,0.24299803831455358
low_PLP,extended,logistic_values,available,3,933,119,0.39691690555615095,0.7865917865917866,0.32302855512519735,0.09498937268724612,0.3949579831932773,0.8968058968058968,0.35877862595419846,0.376,47,84,72,730,0.24299803831455358
low_PLP,extended,logistic_values,available,4,887,120,0.3289932912090343,0.7647001303780965,0.34552612260384336,0.10477974717665814,0.38333333333333336,0.894393741851369,0.36220472440944884,0.3724696356275304,46,81,74,686,0.24299803831455358
low_PLP,extended,logistic_values,drop30,0,931,109,0.2901290540932396,0.7319024978236122,0.3251820401739138,0.0948618043607555,0.24770642201834864,0.9440389294403893,0.3698630136986301,0.2967032967032967,27,46,82,776,0.24299803831455358
low_PLP,extended,logistic_values,drop30,1,1036,140,0.3153301597677939,0.7193239795918367,0.3598368048983319,0.10724673901146946,0.3,0.9118303571428571,0.34710743801652894,0.3218390804597701,42,79,98,817,0.24299803831455358
low_PLP,extended,logistic_values,drop30,2,826,137,0.31515441102588915,0.6856652506012098,0.43226223715594003,0.13177108491059775,0.26277372262773724,0.9201741654571843,0.3956043956043956,0.3157894736842105,36,55,101,634,0.24299803831455358
low_PLP,extended,logistic_values,drop30,3,933,119,0.3465595839914869,0.7515330456506927,0.3359677115088334,0.09905687918534822,0.2773109243697479,0.9238329238329238,0.3473684210526316,0.308411214953271,33,62,86,752,0.24299803831455358
low_PLP,extended,logistic_values,drop30,4,887,120,0.28400878111122385,0.7152542372881355,0.36267677451203345,0.1093176368120958,0.2916666666666667,0.9335071707953064,0.4069767441860465,0.33980582524271846,35,51,85,716,0.24299803831455358
low_PLP,extended,logistic_mask,available,0,931,109,0.3432711983269751,0.7707091676153485,0.3110923902217151,0.09080391641082099,0.4036697247706422,0.916058394160584,0.3893805309734513,0.3963963963963964,44,69,65,753,0.24294018306918835
low_PLP,extended,logistic_mask,available,1,1036,140,0.34980543545749226,0.7454400510204083,0.34716725537095355,0.1034423596038184,0.36428571428571427,0.9017857142857143,0.3669064748201439,0.3655913978494624,51,88,89,808,0.24294018306918835
low_PLP,extended,logistic_mask,available,2,826,137,0.33510563191512055,0.718082908690263,0.41782074939413055,0.12891376688225953,0.30656934306569344,0.8838896952104499,0.3442622950819672,0.32432432432432434,42,80,95,609,0.24294018306918835
low_PLP,extended,logistic_mask,available,3,933,119,0.3934999853880515,0.7819668407903702,0.32423207699535833,0.09524241002871982,0.3949579831932773,0.8992628992628993,0.3643410852713178,0.3790322580645161,47,82,72,732,0.24294018306918835
low_PLP,extended,logistic_mask,available,4,887,120,0.32908232920953556,0.7650912646675357,0.3454959753175558,0.10479505625597024,0.38333333333333336,0.8970013037809648,0.368,0.37551020408163266,46,79,74,688,0.24294018306918835
low_PLP,extended,logistic_mask,drop30,0,931,109,0.3026691374798018,0.739358021384406,0.3225784321765258,0.09385768522912903,0.27522935779816515,0.9257907542579076,0.32967032967032966,0.3,30,61,79,761,0.24294018306918835
low_PLP,extended,logistic_mask,drop30,1,1036,140,0.30177250375732895,0.7128667091836735,0.3625850077436723,0.10800218356042822,0.30714285714285716,0.8995535714285714,0.3233082706766917,0.315018315018315,43,90,97,806,0.24294018306918835
low_PLP,extended,logistic_mask,drop30,2,826,137,0.3136421468459071,0.6795842912080344,0.4291574378176474,0.13095633121763034,0.291970802919708,0.8998548621190131,0.3669724770642202,0.3252032520325203,40,69,97,620,0.24294018306918835
low_PLP,extended,logistic_mask,drop30,3,933,119,0.34291799282238483,0.7425309190015071,0.33744311108492525,0.09923943876633169,0.2773109243697479,0.9361179361179361,0.38823529411764707,0.3235294117647059,33,52,86,762,0.24294018306918835
low_PLP,extended,logistic_mask,drop30,4,887,120,0.2715316650599777,0.7102672750977836,0.36407880761619327,0.11001460844768526,0.2833333333333333,0.9178617992177314,0.35051546391752575,0.31336405529953915,34,63,86,704,0.24294018306918835
low_PLP,extended,catboost,available,0,931,109,0.3590557201959044,0.7740462956762427,0.3064117842672043,0.08901125522511408,0.11009174311926606,0.9890510948905109,0.5714285714285714,0.18461538461538463,12,9,97,813,0.4406823457232222
low_PLP,extended,catboost,available,1,1036,140,0.3703916718544877,0.7639748086734693,0.34012840503733727,0.10196491211359493,0.14285714285714285,0.9832589285714286,0.5714285714285714,0.22857142857142856,20,15,120,881,0.4406823457232222
low_PLP,extended,catboost,available,2,826,137,0.33780202654354885,0.7163560857266958,0.41867344509242177,0.12921280400406793,0.1386861313868613,0.965166908563135,0.4418604651162791,0.2111111111111111,19,24,118,665,0.4406823457232222
low_PLP,extended,catboost,available,3,933,119,0.3842724563627567,0.7762475997770115,0.32171242403655476,0.09506133921962326,0.13445378151260504,0.9815724815724816,0.5161290322580645,0.21333333333333335,16,15,103,799,0.4406823457232222
low_PLP,extended,catboost,available,4,887,120,0.3409295322594045,0.7749130812690135,0.3411884371136511,0.10367146721535561,0.11666666666666667,0.9752281616688396,0.42424242424242425,0.1830065359477124,14,19,106,748,0.4406823457232222
low_PLP,extended,catboost,drop30,0,931,109,0.2219593160001199,0.6945579142391571,0.3751380455159637,0.11416210073556941,0.2018348623853211,0.9197080291970803,0.25,0.2233502538071066,22,66,87,756,0.4406823457232222
low_PLP,extended,catboost,drop30,1,1036,140,0.2368311256910801,0.6544084821428572,0.4343919868386051,0.13743539147788414,0.29285714285714287,0.8649553571428571,0.25308641975308643,0.271523178807947,41,121,99,775,0.4406823457232222
low_PLP,extended,catboost,drop30,2,826,137,0.2697499354140295,0.62568198913055,0.46611474256262303,0.14772789156605615,0.1897810218978102,0.9085631349782293,0.29213483146067415,0.23008849557522124,26,63,111,626,0.4406823457232222
low_PLP,extended,catboost,drop30,3,933,119,0.2968460178364155,0.7159890983420395,0.3779432784277595,0.11562355322776834,0.3025210084033613,0.9176904176904177,0.34951456310679613,0.32432432432432434,36,67,83,747,0.4406823457232222
low_PLP,extended,catboost,drop30,4,887,120,0.22993248270395197,0.7017166449369839,0.4068754853427189,0.12797431362089928,0.225,0.894393741851369,0.25,0.23684210526315788,27,81,93,686,0.4406823457232222
low_PLP,extended,catboost_dropout,available,0,931,109,0.33259611319481125,0.7738230764079557,0.3103652567192131,0.09096018295597924,0.42201834862385323,0.9209245742092458,0.4144144144144144,0.41818181818181815,46,65,63,757,0.26074720335244217
low_PLP,extended,catboost_dropout,available,1,1036,140,0.3447497119180673,0.7634406887755103,0.34173161347798947,0.10337852706624158,0.34285714285714286,0.9073660714285714,0.366412213740458,0.35424354243542433,48,83,92,813,0.26074720335244217
low_PLP,extended,catboost_dropout,available,2,826,137,0.3316385537724312,0.7199474537306791,0.4158851095245577,0.12889586313178783,0.29927007299270075,0.8809869375907112,0.3333333333333333,0.3153846153846154,41,82,96,607,0.26074720335244217
low_PLP,extended,catboost_dropout,available,3,933,119,0.35392791381794714,0.776402452873041,0.32616439359382027,0.09696889171051135,0.46218487394957986,0.9041769041769042,0.41353383458646614,0.4365079365079365,55,78,64,736,0.26074720335244217
low_PLP,extended,catboost_dropout,available,4,887,120,0.311116335593633,0.7620491090830074,0.3474398393289721,0.1061709679670332,0.43333333333333335,0.8826597131681877,0.36619718309859156,0.3969465648854962,52,90,68,677,0.26074720335244217
low_PLP,extended,catboost_dropout,drop30,0,931,109,0.2993538351825048,0.7476282952744482,0.3196689270409493,0.09345009398795968,0.27522935779816515,0.9452554744525548,0.4,0.32608695652173914,30,45,79,777,0.26074720335244217
low_PLP,extended,catboost_dropout,drop30,1,1036,140,0.31211586183346224,0.7374760841836734,0.3526392487355234,0.1063831959942182,0.2642857142857143,0.9274553571428571,0.3627450980392157,0.30578512396694213,37,65,103,831,0.26074720335244217
low_PLP,extended,catboost_dropout,drop30,2,826,137,0.28943491795488174,0.6714057186443911,0.4317908271689125,0.13281746635633246,0.22627737226277372,0.9143686502177069,0.34444444444444444,0.27312775330396477,31,59,106,630,0.26074720335244217
low_PLP,extended,catboost_dropout,drop30,3,933,119,0.33590148523681596,0.7617327029091736,0.33236335018877194,0.09886159186746857,0.35294117647058826,0.9238329238329238,0.40384615384615385,0.37668161434977576,42,62,77,752,0.26074720335244217
low_PLP,extended,catboost_dropout,drop30,4,887,120,0.2774132847687682,0.7248478922207736,0.3617319159196532,0.1097137902770644,0.325,0.9048239895697523,0.3482142857142857,0.33620689655172414,39,73,81,694,0.26074720335244217
low_PLP,cbc,logistic_values,available,0,934,119,0.26623489647598264,0.7236686085477136,0.3511003483665351,0.10431996143644195,0.29411764705882354,0.901840490797546,0.30434782608695654,0.29914529914529914,35,80,84,735,0.21690557109507944
low_PLP,cbc,logistic_values,available,1,931,109,0.2295755491538608,0.7077278510681042,0.33990026883160274,0.09931348224805206,0.2018348623853211,0.9184914841849149,0.24719101123595505,0.2222222222222222,22,67,87,755,0.21690557109507944
low_PLP,cbc,logistic_values,available,2,1036,140,0.2750746593673287,0.6957509566326531,0.3687899629581617,0.11000724678967704,0.2357142857142857,0.90625,0.28205128205128205,0.25680933852140075,33,84,107,812,0.21690557109507944
low_PLP,cbc,logistic_values,available,3,826,137,0.30016623207591264,0.6788956808237899,0.4318327387865962,0.1332891051625896,0.24817518248175183,0.9100145137880987,0.3541666666666667,0.2918454935622318,34,62,103,627,0.21690557109507944
low_PLP,cbc,logistic_values,available,4,890,120,0.22962520991456634,0.6729653679653679,0.3802736460486207,0.1140534099964129,0.30833333333333335,0.8623376623376623,0.25874125874125875,0.2813688212927757,37,106,83,664,0.21690557109507944
low_PLP,cbc,logistic_values,drop30,0,934,119,0.23835952000238242,0.6934989946899004,0.35836379832130294,0.10637508489155706,0.2689075630252101,0.9276073619631902,0.3516483516483517,0.3047619047619048,32,59,87,756,0.21690557109507944
low_PLP,cbc,logistic_values,drop30,1,931,109,0.19327274736617792,0.6420567423379987,0.3505648675048595,0.10176229384945643,0.1559633027522936,0.9416058394160584,0.26153846153846155,0.19540229885057472,17,48,92,774,0.21690557109507944
low_PLP,cbc,logistic_values,drop30,2,1036,140,0.26328523718784697,0.6862882653061224,0.3722576445124815,0.11089850152166994,0.22857142857142856,0.90625,0.27586206896551724,0.25,32,84,108,812,0.21690557109507944
low_PLP,cbc,logistic_values,drop30,3,826,137,0.26964612523056675,0.652696704204761,0.4441922676603106,0.13700899422003235,0.19708029197080293,0.93033381712627,0.36,0.25471698113207547,27,48,110,641,0.21690557109507944
low_PLP,cbc,logistic_values,drop30,4,890,120,0.23228303155825414,0.665974025974026,0.37633629847486855,0.1126238532120485,0.24166666666666667,0.8857142857142857,0.24786324786324787,0.24472573839662448,29,88,91,682,0.21690557109507944
low_PLP,cbc,logistic_mask,available,0,934,119,0.26623489647598264,0.7236686085477136,0.35110034836653503,0.10431996143644195,0.29411764705882354,0.901840490797546,0.30434782608695654,0.29914529914529914,35,80,84,735,0.21690557109507944
low_PLP,cbc,logistic_mask,available,1,931,109,0.2295755491538608,0.7077278510681042,0.33990026883160274,0.09931348224805206,0.2018348623853211,0.9184914841849149,0.24719101123595505,0.2222222222222222,22,67,87,755,0.21690557109507944
low_PLP,cbc,logistic_mask,available,2,1036,140,0.2750746593673287,0.6957509566326531,0.3687899629581618,0.11000724678967709,0.2357142857142857,0.90625,0.28205128205128205,0.25680933852140075,33,84,107,812,0.21690557109507944
low_PLP,cbc,logistic_mask,available,3,826,137,0.30016623207591264,0.6788956808237899,0.4318327387865962,0.1332891051625896,0.24817518248175183,0.9100145137880987,0.3541666666666667,0.2918454935622318,34,62,103,627,0.21690557109507944
low_PLP,cbc,logistic_mask,available,4,890,120,0.22962520991456634,0.6729653679653679,0.3802736460486207,0.1140534099964129,0.30833333333333335,0.8623376623376623,0.25874125874125875,0.2813688212927757,37,106,83,664,0.21690557109507944
low_PLP,cbc,logistic_mask,drop30,0,934,119,0.23835952000238242,0.6934989946899004,0.35836379832130294,0.10637508489155703,0.2689075630252101,0.9276073619631902,0.3516483516483517,0.3047619047619048,32,59,87,756,0.21690557109507944
low_PLP,cbc,logistic_mask,drop30,1,931,109,0.19327274736617792,0.6420567423379987,0.3505648675048595,0.10176229384945643,0.1559633027522936,0.9416058394160584,0.26153846153846155,0.19540229885057472,17,48,92,774,0.21690557109507944
low_PLP,cbc,logistic_mask,drop30,2,1036,140,0.26328523718784697,0.6862882653061224,0.37225764451248156,0.11089850152166995,0.22857142857142856,0.90625,0.27586206896551724,0.25,32,84,108,812,0.21690557109507944
low_PLP,cbc,logistic_mask,drop30,3,826,137,0.26964612523056675,0.652696704204761,0.4441922676603106,0.13700899422003235,0.19708029197080293,0.93033381712627,0.36,0.25471698113207547,27,48,110,641,0.21690557109507944
low_PLP,cbc,logistic_mask,drop30,4,890,120,0.23228303155825414,0.665974025974026,0.37633629847486855,0.1126238532120485,0.24166666666666667,0.8857142857142857,0.24786324786324787,0.24472573839662448,29,88,91,682,0.21690557109507944
low_PLP,cbc,catboost,available,0,934,119,0.2843070835004135,0.7187193895963293,0.34686015376461343,0.10291604343293163,0.07563025210084033,0.9865030674846625,0.45,0.12949640287769784,9,11,110,804,0.403548088142322
low_PLP,cbc,catboost,available,1,931,109,0.2182048285342848,0.7090448447509989,0.335671378763523,0.09873990876050034,0.009174311926605505,0.9890510948905109,0.1,0.01680672268907563,1,9,108,813,0.403548088142322
low_PLP,cbc,catboost,available,2,1036,140,0.2660582922598864,0.7023437500000002,0.3678592495793701,0.11049771639863269,0.07142857142857142,0.9821428571428571,0.38461538461538464,0.12048192771084337,10,16,130,880,0.403548088142322
low_PLP,cbc,catboost,available,3,826,137,0.2755857654970286,0.6708442363310838,0.43214701788200066,0.13356079460176437,0.051094890510948905,0.9869375907111756,0.4375,0.0915032679738562,7,9,130,680,0.403548088142322
low_PLP,cbc,catboost,available,4,890,120,0.2569397197849344,0.6968614718614718,0.3699557230715815,0.11182939243324745,0.11666666666666667,0.9662337662337662,0.35,0.175,14,26,106,744,0.403548088142322
low_PLP,cbc,catboost,drop30,0,934,119,0.18070031974059425,0.6156519049337527,0.4123512469988942,0.1262505378648158,0.17647058823529413,0.9141104294478528,0.23076923076923078,0.2,21,70,98,745,0.403548088142322
low_PLP,cbc,catboost,drop30,1,931,109,0.16338895403664727,0.6128373401191991,0.38470468785851536,0.11473357642403083,0.09174311926605505,0.9355231143552312,0.15873015873015872,0.11627906976744186,10,53,99,769,0.403548088142322
low_PLP,cbc,catboost,drop30,2,1036,140,0.2542800965024593,0.6525908801020409,0.4009400148294645,0.1218203423075631,0.20714285714285716,0.9151785714285714,0.2761904761904762,0.23673469387755103,29,76,111,820,0.403548088142322
low_PLP,cbc,catboost,drop30,3,826,137,0.23291751046309417,0.61206869153433,0.46465619692360033,0.1476164219816496,0.18248175182481752,0.8867924528301887,0.24271844660194175,0.20833333333333334,25,78,112,611,0.403548088142322
low_PLP,cbc,catboost,drop30,4,890,120,0.20770217724959358,0.638474025974026,0.4420013751401963,0.1388198244115354,0.30833333333333335,0.8415584415584415,0.23270440251572327,0.26523297491039427,37,122,83,648,0.403548088142322
low_PLP,cbc,catboost_dropout,available,0,934,119,0.2830501290159191,0.7228952930865599,0.34588589416000437,0.10279997085460489,0.31932773109243695,0.8907975460122699,0.2992125984251969,0.3089430894308943,38,89,81,726,0.24351104141469784
low_PLP,cbc,catboost_dropout,available,1,931,109,0.23816846226938132,0.7185316636532065,0.3313219894533812,0.09727353897126072,0.24770642201834864,0.9099756690997567,0.26732673267326734,0.2571428571428571,27,74,82,748,0.24351104141469784
low_PLP,cbc,catboost_dropout,available,2,1036,140,0.2686459997743496,0.7037627551020409,0.366014121817237,0.10949397917692072,0.2571428571428571,0.9129464285714286,0.3157894736842105,0.28346456692913385,36,78,104,818,0.24351104141469784
low_PLP,cbc,catboost_dropout,available,3,826,137,0.303367548866855,0.6834299153538927,0.4248768633031497,0.13107670898154505,0.291970802919708,0.9071117561683599,0.38461538461538464,0.33195020746887965,40,64,97,625,0.24351104141469784
low_PLP,cbc,catboost_dropout,available,4,890,120,0.24622687202854174,0.6933333333333335,0.37153114445061775,0.11237128543604957,0.2833333333333333,0.8779220779220779,0.265625,0.27419354838709675,34,94,86,676,0.24351104141469784
low_PLP,cbc,catboost_dropout,drop30,0,934,119,0.24594546594025207,0.7099035933391762,0.3525683494335702,0.1050081956425521,0.24369747899159663,0.9116564417177914,0.2871287128712871,0.2636363636363636,29,72,90,743,0.24351104141469784
low_PLP,cbc,catboost_dropout,drop30,1,931,109,0.21529462095279864,0.7037880309828345,0.33615219253822715,0.09860015763409465,0.1559633027522936,0.9452554744525548,0.27419354838709675,0.19883040935672514,17,45,92,777,0.24351104141469784
low_PLP,cbc,catboost_dropout,drop30,2,1036,140,0.29321042032159494,0.7136160714285714,0.362144601572641,0.10824165048227398,0.24285714285714285,0.9363839285714286,0.37362637362637363,0.2943722943722944,34,57,106,839,0.24351104141469784
low_PLP,cbc,catboost_dropout,drop30,3,826,137,0.28077380952855663,0.668566525060121,0.4292020675411997,0.13302464692577018,0.20437956204379562,0.9259796806966618,0.35443037974683544,0.25925925925925924,28,51,109,638,0.24351104141469784
low_PLP,cbc,catboost_dropout,drop30,4,890,120,0.25447154329666954,0.6914718614718613,0.36882479687752184,0.11101407930602003,0.25,0.8896103896103896,0.2608695652173913,0.2553191489361702,30,85,90,685,0.24351104141469784
