partition,scenario,n,positive_n,f1,precision,recall
development_oof,available,672,92,0.850828729281768,0.8651685393258427,0.8369565217391305
development_oof,drop30,672,92,0.7037037037037037,0.8142857142857143,0.6195652173913043
development_oof,drop60,672,92,0.524822695035461,0.7551020408163265,0.40217391304347827
development_oof,cbc_only,672,92,0.3088235294117647,0.4772727272727273,0.22826086956521738
development_oof,hb_only,672,92,0.0,0.0,0.0
development_oof,no_iron,672,92,0.6966292134831461,0.7209302325581395,0.6739130434782609
development_oof,no_B12,672,92,0.65,0.7647058823529411,0.5652173913043478
development_oof,no_folate,672,92,0.5771812080536913,0.7543859649122807,0.4673913043478261
development_oof,no_B6,672,92,0.8651685393258427,0.8953488372093024,0.8369565217391305
development_oof,no_copper,672,92,0.8461538461538461,0.8555555555555555,0.8369565217391305
development_oof,no_hemoglobin,672,92,0.8461538461538461,0.8555555555555555,0.8369565217391305
development_oof,no_demographics,672,92,0.8538011695906432,0.9240506329113924,0.7934782608695652
holdout,available,168,23,0.7692307692307693,0.9375,0.6521739130434783
holdout,drop30,168,23,0.6857142857142857,1.0,0.5217391304347826
holdout,drop60,168,23,0.4375,0.7777777777777778,0.30434782608695654
holdout,cbc_only,168,23,0.2564102564102564,0.3125,0.21739130434782608
holdout,hb_only,168,23,0.0,0.0,0.0
holdout,no_iron,168,23,0.5454545454545454,0.5714285714285714,0.5217391304347826
holdout,no_B12,168,23,0.6842105263157895,0.8666666666666667,0.5652173913043478
holdout,no_folate,168,23,0.4,0.8571428571428571,0.2608695652173913
holdout,no_B6,168,23,0.7692307692307693,0.9375,0.6521739130434783
holdout,no_copper,168,23,0.7692307692307693,0.9375,0.6521739130434783
holdout,no_hemoglobin,168,23,0.75,0.8823529411764706,0.6521739130434783
holdout,no_demographics,168,23,0.7567567567567568,1.0,0.6086956521739131
