target,config,selection_score
B12_deficiency,catboost,0.7664545073791077
B12_deficiency,catboost_cbc,0.35912825997079967
B12_deficiency,catboost_dropout,0.8610467236151959
B12_deficiency,extra_trees,0.8463901689708141
B12_deficiency,extra_trees_cbc,0.3410948238693265
B12_deficiency,logistic,0.8408075356201229
B12_deficiency,logistic_cbc,0.36008688641539993
B12_deficiency,logistic_values,0.8074659096565379
B12_deficiency,missingness_only,0.19394915992347284
B12_deficiency,prior,0.0
B6_deficiency,catboost,0.6571311571311571
B6_deficiency,catboost_cbc,0.142495126705653
B6_deficiency,catboost_dropout,0.5584045584045584
B6_deficiency,extra_trees,0.6412405436795681
B6_deficiency,extra_trees_cbc,0.044444444444444446
B6_deficiency,logistic,0.48747474747474745
B6_deficiency,logistic_cbc,0.0
B6_deficiency,logistic_values,0.5425089932613872
B6_deficiency,missingness_only,0.022222222222222223
B6_deficiency,prior,0.0
anemia_class,catboost,0.5611430287651635
anemia_class,catboost_cbc,0.30927304758942137
anemia_class,catboost_dropout,0.6244388901877576
anemia_class,extra_trees,0.6857299315937052
anemia_class,extra_trees_cbc,0.34453341442564595
anemia_class,logistic,0.6251126478569942
anemia_class,logistic_cbc,0.34041986944905567
anemia_class,logistic_values,0.6847315269383354
anemia_class,missingness_only,0.16457793334347795
anemia_class,prior,0.03480231679677663
copper_deficiency,catboost,0.7300971670719569
copper_deficiency,catboost_cbc,0.08383838383838384
copper_deficiency,catboost_dropout,0.7087460130938391
copper_deficiency,extra_trees,0.5743200506008855
copper_deficiency,extra_trees_cbc,0.0
copper_deficiency,logistic,0.5692252510760402
copper_deficiency,logistic_cbc,0.02150537634408602
copper_deficiency,logistic_values,0.6820223997946151
copper_deficiency,missingness_only,0.2918960687723365
copper_deficiency,prior,0.0
folate_deficiency,catboost,0.6226045516572262
folate_deficiency,catboost_cbc,0.2141083649398937
folate_deficiency,catboost_dropout,0.6583883952305004
folate_deficiency,extra_trees,0.6487806172544649
folate_deficiency,extra_trees_cbc,0.15946347334170718
folate_deficiency,logistic,0.6285735623984362
folate_deficiency,logistic_cbc,0.14202555969624242
folate_deficiency,logistic_values,0.6430738474437437
folate_deficiency,missingness_only,0.0256472393876974
folate_deficiency,prior,0.0
inflammation_anemia,catboost,0.7544653344071949
inflammation_anemia,catboost_cbc,0.22411707789066282
inflammation_anemia,catboost_dropout,0.8739847983235998
inflammation_anemia,extra_trees,0.7891419946592361
inflammation_anemia,extra_trees_cbc,0.2495766528553414
inflammation_anemia,logistic,0.7517956886481895
inflammation_anemia,logistic_cbc,0.22708670410202722
inflammation_anemia,logistic_values,0.8006040604060406
inflammation_anemia,missingness_only,0.012578616352201257
inflammation_anemia,prior,0.0
iron_deficiency,catboost,0.8996621233034277
iron_deficiency,catboost_cbc,0.625675394116127
iron_deficiency,catboost_dropout,0.9334211630508116
iron_deficiency,extra_trees,0.8994897610864672
iron_deficiency,extra_trees_cbc,0.6056517893647734
iron_deficiency,logistic,0.9019754755048872
iron_deficiency,logistic_cbc,0.6015609379623631
iron_deficiency,logistic_values,0.9119801306502073
iron_deficiency,missingness_only,0.3526156604614228
iron_deficiency,prior,0.0
