scenario,target,group,n,positive_n,f1,precision,recall
available,iron_deficiency,no_anemia,58,17,0.9714285714285714,0.9444444444444444,1.0
available,iron_deficiency,anemia,110,40,0.975,0.975,0.975
available,iron_deficiency,female,119,36,0.958904109589041,0.9459459459459459,0.9722222222222222
available,iron_deficiency,male,49,21,1.0,1.0,1.0
available,B12_deficiency,no_anemia,58,10,0.9473684210526315,1.0,0.9
available,B12_deficiency,anemia,110,25,1.0,1.0,1.0
available,B12_deficiency,female,119,29,1.0,1.0,1.0
available,B12_deficiency,male,49,6,0.9090909090909091,1.0,0.8333333333333334
available,folate_deficiency,no_anemia,58,8,0.6666666666666666,1.0,0.5
available,folate_deficiency,anemia,110,27,0.7441860465116279,1.0,0.5925925925925926
available,folate_deficiency,female,119,27,0.7142857142857143,1.0,0.5555555555555556
available,folate_deficiency,male,49,8,0.7692307692307693,1.0,0.625
available,B6_deficiency,no_anemia,58,1,1.0,1.0,1.0
available,B6_deficiency,anemia,110,6,0.9090909090909091,1.0,0.8333333333333334
available,B6_deficiency,female,119,5,1.0,1.0,1.0
available,B6_deficiency,male,49,2,0.6666666666666666,1.0,0.5
available,copper_deficiency,no_anemia,58,0,0.0,0.0,0.0
available,copper_deficiency,anemia,110,7,0.8333333333333334,1.0,0.7142857142857143
available,copper_deficiency,female,119,5,0.8888888888888888,1.0,0.8
available,copper_deficiency,male,49,2,0.6666666666666666,1.0,0.5
drop30,iron_deficiency,no_anemia,58,17,1.0,1.0,1.0
drop30,iron_deficiency,anemia,110,40,0.961038961038961,1.0,0.925
drop30,iron_deficiency,female,119,36,0.9565217391304348,1.0,0.9166666666666666
drop30,iron_deficiency,male,49,21,1.0,1.0,1.0
drop30,B12_deficiency,no_anemia,58,10,0.75,1.0,0.6
drop30,B12_deficiency,anemia,110,25,0.9803921568627451,0.9615384615384616,1.0
drop30,B12_deficiency,female,119,29,0.9285714285714286,0.9629629629629629,0.896551724137931
drop30,B12_deficiency,male,49,6,0.9090909090909091,1.0,0.8333333333333334
drop30,folate_deficiency,no_anemia,58,8,0.6666666666666666,1.0,0.5
drop30,folate_deficiency,anemia,110,27,0.5789473684210527,1.0,0.4074074074074074
drop30,folate_deficiency,female,119,27,0.6153846153846154,1.0,0.4444444444444444
drop30,folate_deficiency,male,49,8,0.5454545454545454,1.0,0.375
drop30,B6_deficiency,no_anemia,58,1,1.0,1.0,1.0
drop30,B6_deficiency,anemia,110,6,0.6666666666666666,1.0,0.5
drop30,B6_deficiency,female,119,5,0.75,1.0,0.6
drop30,B6_deficiency,male,49,2,0.6666666666666666,1.0,0.5
drop30,copper_deficiency,no_anemia,58,0,0.0,0.0,0.0
drop30,copper_deficiency,anemia,110,7,0.7272727272727273,1.0,0.5714285714285714
drop30,copper_deficiency,female,119,5,0.5714285714285714,1.0,0.4
drop30,copper_deficiency,male,49,2,1.0,1.0,1.0
drop60,iron_deficiency,no_anemia,58,17,0.8275862068965517,1.0,0.7058823529411765
drop60,iron_deficiency,anemia,110,40,0.9210526315789473,0.9722222222222222,0.875
drop60,iron_deficiency,female,119,36,0.8615384615384616,0.9655172413793104,0.7777777777777778
drop60,iron_deficiency,male,49,21,0.95,1.0,0.9047619047619048
drop60,B12_deficiency,no_anemia,58,10,0.8235294117647058,1.0,0.7
drop60,B12_deficiency,anemia,110,25,0.782608695652174,0.8571428571428571,0.72
drop60,B12_deficiency,female,119,29,0.7450980392156863,0.8636363636363636,0.6551724137931034
drop60,B12_deficiency,male,49,6,1.0,1.0,1.0
drop60,folate_deficiency,no_anemia,58,8,0.0,0.0,0.0
drop60,folate_deficiency,anemia,110,27,0.25806451612903225,1.0,0.14814814814814814
drop60,folate_deficiency,female,119,27,0.25,0.8,0.14814814814814814
drop60,folate_deficiency,male,49,8,0.0,0.0,0.0
drop60,B6_deficiency,no_anemia,58,1,1.0,1.0,1.0
drop60,B6_deficiency,anemia,110,6,0.5,1.0,0.3333333333333333
drop60,B6_deficiency,female,119,5,0.5714285714285714,1.0,0.4
drop60,B6_deficiency,male,49,2,0.6666666666666666,1.0,0.5
drop60,copper_deficiency,no_anemia,58,0,0.0,0.0,0.0
drop60,copper_deficiency,anemia,110,7,0.6,1.0,0.42857142857142855
drop60,copper_deficiency,female,119,5,0.75,1.0,0.6
drop60,copper_deficiency,male,49,2,0.0,0.0,0.0
cbc_only,iron_deficiency,no_anemia,58,17,0.7878787878787878,0.8125,0.7647058823529411
cbc_only,iron_deficiency,anemia,110,40,0.7532467532467533,0.7837837837837838,0.725
cbc_only,iron_deficiency,female,119,36,0.7222222222222222,0.7222222222222222,0.7222222222222222
cbc_only,iron_deficiency,male,49,21,0.8421052631578947,0.9411764705882353,0.7619047619047619
cbc_only,B12_deficiency,no_anemia,58,10,0.2857142857142857,0.5,0.2
cbc_only,B12_deficiency,anemia,110,25,0.625,0.6521739130434783,0.6
cbc_only,B12_deficiency,female,119,29,0.5490196078431373,0.6363636363636364,0.4827586206896552
cbc_only,B12_deficiency,male,49,6,0.5454545454545454,0.6,0.5
cbc_only,folate_deficiency,no_anemia,58,8,0.0,0.0,0.0
cbc_only,folate_deficiency,anemia,110,27,0.32558139534883723,0.4375,0.25925925925925924
cbc_only,folate_deficiency,female,119,27,0.34146341463414637,0.5,0.25925925925925924
cbc_only,folate_deficiency,male,49,8,0.0,0.0,0.0
cbc_only,B6_deficiency,no_anemia,58,1,0.0,0.0,0.0
cbc_only,B6_deficiency,anemia,110,6,0.0,0.0,0.0
cbc_only,B6_deficiency,female,119,5,0.0,0.0,0.0
cbc_only,B6_deficiency,male,49,2,0.0,0.0,0.0
cbc_only,copper_deficiency,no_anemia,58,0,0.0,0.0,0.0
cbc_only,copper_deficiency,anemia,110,7,0.0,0.0,0.0
cbc_only,copper_deficiency,female,119,5,0.0,0.0,0.0
cbc_only,copper_deficiency,male,49,2,0.0,0.0,0.0
hb_only,iron_deficiency,no_anemia,58,17,0.0,0.0,0.0
hb_only,iron_deficiency,anemia,110,40,0.0,0.0,0.0
hb_only,iron_deficiency,female,119,36,0.0,0.0,0.0
hb_only,iron_deficiency,male,49,21,0.0,0.0,0.0
hb_only,B12_deficiency,no_anemia,58,10,0.0,0.0,0.0
hb_only,B12_deficiency,anemia,110,25,0.0,0.0,0.0
hb_only,B12_deficiency,female,119,29,0.0,0.0,0.0
hb_only,B12_deficiency,male,49,6,0.0,0.0,0.0
hb_only,folate_deficiency,no_anemia,58,8,0.0,0.0,0.0
hb_only,folate_deficiency,anemia,110,27,0.0,0.0,0.0
hb_only,folate_deficiency,female,119,27,0.0,0.0,0.0
hb_only,folate_deficiency,male,49,8,0.0,0.0,0.0
hb_only,B6_deficiency,no_anemia,58,1,0.0,0.0,0.0
hb_only,B6_deficiency,anemia,110,6,0.0,0.0,0.0
hb_only,B6_deficiency,female,119,5,0.0,0.0,0.0
hb_only,B6_deficiency,male,49,2,0.0,0.0,0.0
hb_only,copper_deficiency,no_anemia,58,0,0.0,0.0,0.0
hb_only,copper_deficiency,anemia,110,7,0.0,0.0,0.0
hb_only,copper_deficiency,female,119,5,0.0,0.0,0.0
hb_only,copper_deficiency,male,49,2,0.0,0.0,0.0
no_iron,iron_deficiency,no_anemia,58,17,0.7096774193548387,0.7857142857142857,0.6470588235294118
no_iron,iron_deficiency,anemia,110,40,0.7631578947368421,0.8055555555555556,0.725
no_iron,iron_deficiency,female,119,36,0.7142857142857143,0.7352941176470589,0.6944444444444444
no_iron,iron_deficiency,male,49,21,0.8108108108108109,0.9375,0.7142857142857143
no_iron,B12_deficiency,no_anemia,58,10,1.0,1.0,1.0
no_iron,B12_deficiency,anemia,110,25,0.9803921568627451,0.9615384615384616,1.0
no_iron,B12_deficiency,female,119,29,0.9830508474576272,0.9666666666666667,1.0
no_iron,B12_deficiency,male,49,6,1.0,1.0,1.0
no_iron,folate_deficiency,no_anemia,58,8,0.6666666666666666,1.0,0.5
no_iron,folate_deficiency,anemia,110,27,0.7441860465116279,1.0,0.5925925925925926
no_iron,folate_deficiency,female,119,27,0.7142857142857143,1.0,0.5555555555555556
no_iron,folate_deficiency,male,49,8,0.7692307692307693,1.0,0.625
no_iron,B6_deficiency,no_anemia,58,1,1.0,1.0,1.0
no_iron,B6_deficiency,anemia,110,6,0.9090909090909091,1.0,0.8333333333333334
no_iron,B6_deficiency,female,119,5,1.0,1.0,1.0
no_iron,B6_deficiency,male,49,2,0.6666666666666666,1.0,0.5
no_iron,copper_deficiency,no_anemia,58,0,0.0,0.0,0.0
no_iron,copper_deficiency,anemia,110,7,0.8333333333333334,1.0,0.7142857142857143
no_iron,copper_deficiency,female,119,5,0.8888888888888888,1.0,0.8
no_iron,copper_deficiency,male,49,2,0.6666666666666666,1.0,0.5
no_B12,iron_deficiency,no_anemia,58,17,0.9714285714285714,0.9444444444444444,1.0
no_B12,iron_deficiency,anemia,110,40,0.975,0.975,0.975
no_B12,iron_deficiency,female,119,36,0.958904109589041,0.9459459459459459,0.9722222222222222
no_B12,iron_deficiency,male,49,21,1.0,1.0,1.0
no_B12,B12_deficiency,no_anemia,58,10,0.16666666666666666,0.5,0.1
no_B12,B12_deficiency,anemia,110,25,0.9130434782608695,1.0,0.84
no_B12,B12_deficiency,female,119,29,0.7755102040816326,0.95,0.6551724137931034
no_B12,B12_deficiency,male,49,6,0.6666666666666666,1.0,0.5
no_B12,folate_deficiency,no_anemia,58,8,0.6153846153846154,0.8,0.5
no_B12,folate_deficiency,anemia,110,27,0.7555555555555555,0.9444444444444444,0.6296296296296297
no_B12,folate_deficiency,female,119,27,0.7272727272727273,0.9411764705882353,0.5925925925925926
no_B12,folate_deficiency,male,49,8,0.7142857142857143,0.8333333333333334,0.625
no_B12,B6_deficiency,no_anemia,58,1,1.0,1.0,1.0
no_B12,B6_deficiency,anemia,110,6,0.9090909090909091,1.0,0.8333333333333334
no_B12,B6_deficiency,female,119,5,1.0,1.0,1.0
no_B12,B6_deficiency,male,49,2,0.6666666666666666,1.0,0.5
no_B12,copper_deficiency,no_anemia,58,0,0.0,0.0,0.0
no_B12,copper_deficiency,anemia,110,7,0.8333333333333334,1.0,0.7142857142857143
no_B12,copper_deficiency,female,119,5,0.8888888888888888,1.0,0.8
no_B12,copper_deficiency,male,49,2,0.6666666666666666,1.0,0.5
no_folate,iron_deficiency,no_anemia,58,17,0.9714285714285714,0.9444444444444444,1.0
no_folate,iron_deficiency,anemia,110,40,0.975,0.975,0.975
no_folate,iron_deficiency,female,119,36,0.958904109589041,0.9459459459459459,0.9722222222222222
no_folate,iron_deficiency,male,49,21,1.0,1.0,1.0
no_folate,B12_deficiency,no_anemia,58,10,0.9473684210526315,1.0,0.9
no_folate,B12_deficiency,anemia,110,25,0.9803921568627451,0.9615384615384616,1.0
no_folate,B12_deficiency,female,119,29,0.9830508474576272,0.9666666666666667,1.0
no_folate,B12_deficiency,male,49,6,0.9090909090909091,1.0,0.8333333333333334
no_folate,folate_deficiency,no_anemia,58,8,0.0,0.0,0.0
no_folate,folate_deficiency,anemia,110,27,0.06896551724137931,0.5,0.037037037037037035
no_folate,folate_deficiency,female,119,27,0.06896551724137931,0.5,0.037037037037037035
no_folate,folate_deficiency,male,49,8,0.0,0.0,0.0
no_folate,B6_deficiency,no_anemia,58,1,1.0,1.0,1.0
no_folate,B6_deficiency,anemia,110,6,0.9090909090909091,1.0,0.8333333333333334
no_folate,B6_deficiency,female,119,5,1.0,1.0,1.0
no_folate,B6_deficiency,male,49,2,0.6666666666666666,1.0,0.5
no_folate,copper_deficiency,no_anemia,58,0,0.0,0.0,0.0
no_folate,copper_deficiency,anemia,110,7,0.8333333333333334,1.0,0.7142857142857143
no_folate,copper_deficiency,female,119,5,0.8888888888888888,1.0,0.8
no_folate,copper_deficiency,male,49,2,0.6666666666666666,1.0,0.5
no_B6,iron_deficiency,no_anemia,58,17,0.9714285714285714,0.9444444444444444,1.0
no_B6,iron_deficiency,anemia,110,40,0.975,0.975,0.975
no_B6,iron_deficiency,female,119,36,0.958904109589041,0.9459459459459459,0.9722222222222222
no_B6,iron_deficiency,male,49,21,1.0,1.0,1.0
no_B6,B12_deficiency,no_anemia,58,10,0.9473684210526315,1.0,0.9
no_B6,B12_deficiency,anemia,110,25,1.0,1.0,1.0
no_B6,B12_deficiency,female,119,29,1.0,1.0,1.0
no_B6,B12_deficiency,male,49,6,0.9090909090909091,1.0,0.8333333333333334
no_B6,folate_deficiency,no_anemia,58,8,0.6666666666666666,1.0,0.5
no_B6,folate_deficiency,anemia,110,27,0.7727272727272727,1.0,0.6296296296296297
no_B6,folate_deficiency,female,119,27,0.7441860465116279,1.0,0.5925925925925926
no_B6,folate_deficiency,male,49,8,0.7692307692307693,1.0,0.625
no_B6,B6_deficiency,no_anemia,58,1,0.0,0.0,0.0
no_B6,B6_deficiency,anemia,110,6,0.0,0.0,0.0
no_B6,B6_deficiency,female,119,5,0.0,0.0,0.0
no_B6,B6_deficiency,male,49,2,0.0,0.0,0.0
no_B6,copper_deficiency,no_anemia,58,0,0.0,0.0,0.0
no_B6,copper_deficiency,anemia,110,7,0.8333333333333334,1.0,0.7142857142857143
no_B6,copper_deficiency,female,119,5,0.8888888888888888,1.0,0.8
no_B6,copper_deficiency,male,49,2,0.6666666666666666,1.0,0.5
no_copper,iron_deficiency,no_anemia,58,17,0.9714285714285714,0.9444444444444444,1.0
no_copper,iron_deficiency,anemia,110,40,0.975,0.975,0.975
no_copper,iron_deficiency,female,119,36,0.958904109589041,0.9459459459459459,0.9722222222222222
no_copper,iron_deficiency,male,49,21,1.0,1.0,1.0
no_copper,B12_deficiency,no_anemia,58,10,0.9473684210526315,1.0,0.9
no_copper,B12_deficiency,anemia,110,25,1.0,1.0,1.0
no_copper,B12_deficiency,female,119,29,1.0,1.0,1.0
no_copper,B12_deficiency,male,49,6,0.9090909090909091,1.0,0.8333333333333334
no_copper,folate_deficiency,no_anemia,58,8,0.6666666666666666,1.0,0.5
no_copper,folate_deficiency,anemia,110,27,0.7441860465116279,1.0,0.5925925925925926
no_copper,folate_deficiency,female,119,27,0.7142857142857143,1.0,0.5555555555555556
no_copper,folate_deficiency,male,49,8,0.7692307692307693,1.0,0.625
no_copper,B6_deficiency,no_anemia,58,1,1.0,1.0,1.0
no_copper,B6_deficiency,anemia,110,6,0.9090909090909091,1.0,0.8333333333333334
no_copper,B6_deficiency,female,119,5,1.0,1.0,1.0
no_copper,B6_deficiency,male,49,2,0.6666666666666666,1.0,0.5
no_copper,copper_deficiency,no_anemia,58,0,0.0,0.0,0.0
no_copper,copper_deficiency,anemia,110,7,0.0,0.0,0.0
no_copper,copper_deficiency,female,119,5,0.0,0.0,0.0
no_copper,copper_deficiency,male,49,2,0.0,0.0,0.0
no_hemoglobin,iron_deficiency,no_anemia,58,17,0.9714285714285714,0.9444444444444444,1.0
no_hemoglobin,iron_deficiency,anemia,110,40,0.975,0.975,0.975
no_hemoglobin,iron_deficiency,female,119,36,0.958904109589041,0.9459459459459459,0.9722222222222222
no_hemoglobin,iron_deficiency,male,49,21,1.0,1.0,1.0
no_hemoglobin,B12_deficiency,no_anemia,58,10,1.0,1.0,1.0
no_hemoglobin,B12_deficiency,anemia,110,25,0.9803921568627451,0.9615384615384616,1.0
no_hemoglobin,B12_deficiency,female,119,29,0.9830508474576272,0.9666666666666667,1.0
no_hemoglobin,B12_deficiency,male,49,6,1.0,1.0,1.0
no_hemoglobin,folate_deficiency,no_anemia,58,8,0.6666666666666666,1.0,0.5
no_hemoglobin,folate_deficiency,anemia,110,27,0.7441860465116279,1.0,0.5925925925925926
no_hemoglobin,folate_deficiency,female,119,27,0.7142857142857143,1.0,0.5555555555555556
no_hemoglobin,folate_deficiency,male,49,8,0.7692307692307693,1.0,0.625
no_hemoglobin,B6_deficiency,no_anemia,58,1,1.0,1.0,1.0
no_hemoglobin,B6_deficiency,anemia,110,6,0.9090909090909091,1.0,0.8333333333333334
no_hemoglobin,B6_deficiency,female,119,5,1.0,1.0,1.0
no_hemoglobin,B6_deficiency,male,49,2,0.6666666666666666,1.0,0.5
no_hemoglobin,copper_deficiency,no_anemia,58,0,0.0,0.0,0.0
no_hemoglobin,copper_deficiency,anemia,110,7,0.8333333333333334,1.0,0.7142857142857143
no_hemoglobin,copper_deficiency,female,119,5,0.8888888888888888,1.0,0.8
no_hemoglobin,copper_deficiency,male,49,2,0.6666666666666666,1.0,0.5
no_demographics,iron_deficiency,no_anemia,58,17,0.9714285714285714,0.9444444444444444,1.0
no_demographics,iron_deficiency,anemia,110,40,0.975,0.975,0.975
no_demographics,iron_deficiency,female,119,36,0.958904109589041,0.9459459459459459,0.9722222222222222
no_demographics,iron_deficiency,male,49,21,1.0,1.0,1.0
no_demographics,B12_deficiency,no_anemia,58,10,0.9473684210526315,1.0,0.9
no_demographics,B12_deficiency,anemia,110,25,1.0,1.0,1.0
no_demographics,B12_deficiency,female,119,29,1.0,1.0,1.0
no_demographics,B12_deficiency,male,49,6,0.9090909090909091,1.0,0.8333333333333334
no_demographics,folate_deficiency,no_anemia,58,8,0.6666666666666666,1.0,0.5
no_demographics,folate_deficiency,anemia,110,27,0.6829268292682927,1.0,0.5185185185185185
no_demographics,folate_deficiency,female,119,27,0.65,1.0,0.48148148148148145
no_demographics,folate_deficiency,male,49,8,0.7692307692307693,1.0,0.625
no_demographics,B6_deficiency,no_anemia,58,1,1.0,1.0,1.0
no_demographics,B6_deficiency,anemia,110,6,0.9090909090909091,1.0,0.8333333333333334
no_demographics,B6_deficiency,female,119,5,1.0,1.0,1.0
no_demographics,B6_deficiency,male,49,2,0.6666666666666666,1.0,0.5
no_demographics,copper_deficiency,no_anemia,58,0,0.0,0.0,0.0
no_demographics,copper_deficiency,anemia,110,7,0.8333333333333334,1.0,0.7142857142857143
no_demographics,copper_deficiency,female,119,5,0.8888888888888888,1.0,0.8
no_demographics,copper_deficiency,male,49,2,0.6666666666666666,1.0,0.5
