config,target,cv_seconds
prior,anemia_class,0.13213074998930097
prior,iron_deficiency,0.15809366697794758
prior,B12_deficiency,0.1606964170059655
prior,folate_deficiency,0.15926879199105315
prior,B6_deficiency,0.15734649999649264
prior,copper_deficiency,0.15426604100503027
prior,inflammation_anemia,0.17334025001036935
logistic,anemia_class,0.2126886670012027
logistic,iron_deficiency,0.2132335000205785
logistic,B12_deficiency,0.21574516597320326
logistic,folate_deficiency,0.21718183299526572
logistic,B6_deficiency,0.212467666977318
logistic,copper_deficiency,0.21360537500004284
logistic,inflammation_anemia,0.2248752499872353
logistic_values,anemia_class,0.18571512500056997
logistic_values,iron_deficiency,0.19119637500261888
logistic_values,B12_deficiency,0.19157733299653046
logistic_values,folate_deficiency,0.1916261250153184
logistic_values,B6_deficiency,0.1911238750035409
logistic_values,copper_deficiency,0.19067570799961686
logistic_values,inflammation_anemia,0.22817987500457093
extra_trees,anemia_class,2.4883610420220066
extra_trees,iron_deficiency,1.6294706669868901
extra_trees,B12_deficiency,1.6363689170102589
extra_trees,folate_deficiency,1.7550901250215247
extra_trees,B6_deficiency,1.516072708007414
extra_trees,copper_deficiency,1.5010363750043325
extra_trees,inflammation_anemia,1.6036832079989836
catboost,anemia_class,2.582356291997712
catboost,iron_deficiency,0.6881830409984104
catboost,B12_deficiency,0.6928176670044195
catboost,folate_deficiency,0.6829050829983316
catboost,B6_deficiency,0.6894102500227746
catboost,copper_deficiency,0.6852367079991382
catboost,inflammation_anemia,0.709680792002473
catboost_dropout,anemia_class,5.854990333988098
catboost_dropout,iron_deficiency,2.9209824170102365
catboost_dropout,B12_deficiency,2.9009773330180906
catboost_dropout,folate_deficiency,2.949397916003363
catboost_dropout,B6_deficiency,2.907784124981845
catboost_dropout,copper_deficiency,2.9457611670077313
catboost_dropout,inflammation_anemia,2.9350509999785572
logistic_cbc,anemia_class,0.2026733339880593
logistic_cbc,iron_deficiency,0.2063227500184439
logistic_cbc,B12_deficiency,0.20905466700787656
logistic_cbc,folate_deficiency,0.20646641700295731
logistic_cbc,B6_deficiency,0.2164081250084564
logistic_cbc,copper_deficiency,0.22452183300629258
logistic_cbc,inflammation_anemia,0.2395585840276908
extra_trees_cbc,anemia_class,2.2601387909962796
extra_trees_cbc,iron_deficiency,1.540182625001762
extra_trees_cbc,B12_deficiency,1.5233875830017496
extra_trees_cbc,folate_deficiency,1.5786529580072965
extra_trees_cbc,B6_deficiency,1.5021286249975674
extra_trees_cbc,copper_deficiency,1.4447522499831393
extra_trees_cbc,inflammation_anemia,1.578029875003267
catboost_cbc,anemia_class,1.2185437500011176
catboost_cbc,iron_deficiency,0.49472074999357574
catboost_cbc,B12_deficiency,0.4961264590092469
catboost_cbc,folate_deficiency,0.5012237909832038
catboost_cbc,B6_deficiency,0.49059529101941735
catboost_cbc,copper_deficiency,0.49236624999321066
catboost_cbc,inflammation_anemia,0.5132773339864798
missingness_only,anemia_class,0.21166783399530686
missingness_only,iron_deficiency,0.18866633297875524
missingness_only,B12_deficiency,0.18652029099757783
missingness_only,folate_deficiency,0.18890070798806846
missingness_only,B6_deficiency,0.18576987501000986
missingness_only,copper_deficiency,0.1876974169863388
missingness_only,inflammation_anemia,0.18736016700859182
