age_years,sex,hemoglobin,RBC,hematocrit,MCV,MCH,MCHC,RDW,platelets,WBC,reticulocytes,ferritin,serum_iron,transferrin,TIBC,UIBC,TSAT,sTfR,Ret_He,vitamin_B12,active_B12,MMA,homocysteine,folate,vitamin_B6,copper,ceruloplasmin,CRP,ESR,creatinine,eGFR,TSH,albumin,LDH,indirect_bilirubin,haptoglobin
42,F,105,4.3,31,72,24,339,18,250,6,1,6,4,3.8,80,76,5,5,22,450,80,0.15,9,10,45,17,0.25,1,8,70,100,2,43,180,8,1.2
65,F,95,2.4,28,112,39,335,21,250,6,0.5,65,16,2.5,63,47,25,1.5,31,60,8,2,45,10,45,17,0.25,1,8,70,100,2,43,550,22,1.2
42,F,105,3.09,32.4,105,34,324,13,250,6,1,65,16,2.5,63,47,25,1.5,31,450,80,0.15,28,1.5,45,17,0.25,1,8,70,100,2,43,180,8,1.2
42,F,105,4.3,31,72,24,339,18,250,6,1,65,16,2.5,63,47,25,1.5,31,450,,0.15,9,10,2,17,0.25,1,8,70,100,2,43,180,8,1.2
42,F,110,3.67,33,90,30,333,13,250,6,1,65,16,2.5,63,47,25,1.5,31,450,80,0.15,9,10,45,4,0.1,1,8,70,100,2,43,180,8,1.2
42,F,95,3.1,28,90,31,339,20,250,6,1,5,4,2.7,67,63,6,5,31,90,14,1.1,32,10,45,17,0.25,1,8,70,100,2,43,180,8,1.2
42,F,105,3.5,31.5,90,30,333,13,250,6,1,250,6,1.5,38,32,16,1.5,31,450,80,0.15,9,10,45,17,0.25,55,48,70,100,2,32,180,8,1.2
65,F,100,3.3,30,89,30,337,13,250,6,1,65,16,2.5,63,47,25,1.5,31,450,80,0.15,9,10,45,17,0.25,1,8,200,28,2,43,180,8,1.2
42,F,135,4.5,40,89,30,337,13,250,6,1,65,16,2.5,63,47,25,1.5,31,450,80,0.15,9,10,45,17,0.25,1,8,70,100,2,43,180,8,1.2
42,F,120,4,36,90,30,333,13,250,6,1,65,16,2.5,63,47,25,1.5,31,100,15,1.2,30,10,45,17,0.25,1,8,70,100,2,43,180,8,1.2
42,M,130,4.33,39,90,30,333,13,250,6,1,65,16,2.5,63,47,25,1.5,31,450,80,0.15,9,10,45,17,0.25,1,8,70,100,2,43,180,8,1.2
42,F,105,3.5,31,89,30,337,13,250,6,5,65,16,2.5,63,47,25,1.5,31,450,80,0.15,9,10,45,17,0.25,1,8,70,100,2,43,650,35,0.1
42,F,120,4.6,35.9,78,26,334,17,250,6,1,6,4,3.8,80,76,5,5,22,450,,0.15,9,10,45,17,0.25,1,8,70,100,2,43,180,8,1.2
42,F,105,4.3,31,72,24,339,18,250,6,,,,,,,,,,,,,,,,,,,,,,,,,,
42,F,108,,,,,,,,,,,,,,,,,,,,,,,,,,,,,,,,,,
