target,route,method,scenario,partition,n,positives,log_loss,brier,ece_10,f1
anemia_class,primary,identity,available,nested_development_oof,672,,0.6617436781428119,0.2964119430412383,0.2794669713197671,0.8682445865079734
anemia_class,primary,identity,drop30,nested_development_oof,672,,1.1238964009892176,0.49871883291505464,0.28525108086431156,0.712550394154687
anemia_class,primary,identity,drop60,nested_development_oof,672,,1.6730078994701156,0.6958633383685973,0.1444280628526379,0.47639481411845536
anemia_class,primary,identity,cbc_only,nested_development_oof,672,,1.6544384405236687,0.7321381204777646,0.0542868503117791,0.23712256672692766
anemia_class,primary,identity,hb_only,nested_development_oof,672,,2.2019784840985572,0.869528705808496,0.06354952260009818,0.08498065111162001
anemia_class,primary,identity,no_iron,nested_development_oof,672,,1.0136047599106834,0.46403689108245433,0.2433081424454876,0.7395372214853375
anemia_class,primary,identity,no_B12,nested_development_oof,672,,0.8210815324816988,0.381025911123291,0.1979800360772454,0.7335450397608699
anemia_class,primary,identity,no_folate,nested_development_oof,672,,0.7893251979351449,0.3664144860529731,0.19923417592917209,0.7588966758371484
anemia_class,primary,identity,no_B6,nested_development_oof,672,,0.716796456541126,0.31716453797713307,0.25062121207303834,0.7890048846368356
anemia_class,primary,identity,no_copper,nested_development_oof,672,,0.7456823979570997,0.32129451554381216,0.25211448222811866,0.784482687133749
anemia_class,primary,identity,no_hemoglobin,nested_development_oof,672,,0.9368983211746416,0.4259050481007087,0.3082967526671543,0.7869490626490204
anemia_class,primary,identity,no_demographics,nested_development_oof,672,,0.6625005970511938,0.2969150230040187,0.272435299432865,0.8643230668322653
anemia_class,primary,temperature,available,nested_development_oof,672,,0.41051929501103324,0.19713750280326756,0.07925859749253963,0.8682445865079734
anemia_class,primary,temperature,drop30,nested_development_oof,672,,0.8899384168549137,0.40078620452762204,0.06209086106056511,0.712550394154687
anemia_class,primary,temperature,drop60,nested_development_oof,672,,1.64249754332709,0.6742049971347843,0.07275672954109202,0.47639481411845536
anemia_class,primary,temperature,cbc_only,nested_development_oof,672,,1.808826449198872,0.8044789799812319,0.23295294266183258,0.23712256672692766
anemia_class,primary,temperature,hb_only,nested_development_oof,672,,2.4810680830713343,0.968396523388658,0.27904077065904404,0.08498065111162001
anemia_class,primary,temperature,no_iron,nested_development_oof,672,,0.8212014386649568,0.389441259456146,0.0658954898614985,0.7395372214853375
anemia_class,primary,temperature,no_B12,nested_development_oof,672,,0.6630443709291718,0.3277359898791828,0.028262790919540474,0.7335450397608699
anemia_class,primary,temperature,no_folate,nested_development_oof,672,,0.6364718070552389,0.31243689571218336,0.05108690781532185,0.7588966758371484
anemia_class,primary,temperature,no_B6,nested_development_oof,672,,0.5051810270133236,0.23321723421148524,0.05336182312298389,0.7890048846368356
anemia_class,primary,temperature,no_copper,nested_development_oof,672,,0.5601937372857632,0.2387462828100985,0.05437065592950595,0.784482687133749
anemia_class,primary,temperature,no_hemoglobin,nested_development_oof,672,,0.6535078777682353,0.31816961989852593,0.11372362059411109,0.7869490626490204
anemia_class,primary,temperature,no_demographics,nested_development_oof,672,,0.41809570404542384,0.2008099642949046,0.07419825331963972,0.8643230668322653
anemia_class,cbc,identity,available,nested_development_oof,672,,1.1945264823106052,0.5708412243387787,0.02850374589372572,0.47413381353953393
anemia_class,cbc,identity,drop30,nested_development_oof,672,,1.8872950926153214,0.7868987171823026,0.06765949291456062,0.3085441608933194
anemia_class,cbc,identity,drop60,nested_development_oof,672,,2.464260019905714,0.9275617705984426,0.15314458266975026,0.14514116833541077
anemia_class,cbc,identity,cbc_only,nested_development_oof,672,,1.1945264823106052,0.5708412243387787,0.02850374589372572,0.47413381353953393
anemia_class,cbc,identity,hb_only,nested_development_oof,672,,2.567571522591563,0.9456287358169497,0.14012351843390503,0.04074128577693993
anemia_class,cbc,identity,no_iron,nested_development_oof,672,,1.1945264823106052,0.5708412243387787,0.02850374589372572,0.47413381353953393
anemia_class,cbc,identity,no_B12,nested_development_oof,672,,1.1945264823106052,0.5708412243387787,0.02850374589372572,0.47413381353953393
anemia_class,cbc,identity,no_folate,nested_development_oof,672,,1.1945264823106052,0.5708412243387787,0.02850374589372572,0.47413381353953393
anemia_class,cbc,identity,no_B6,nested_development_oof,672,,1.1945264823106052,0.5708412243387787,0.02850374589372572,0.47413381353953393
anemia_class,cbc,identity,no_copper,nested_development_oof,672,,1.1945264823106052,0.5708412243387787,0.02850374589372572,0.47413381353953393
anemia_class,cbc,identity,no_hemoglobin,nested_development_oof,672,,1.582143925185063,0.7008191313590642,0.04116560537575791,0.327210735251891
anemia_class,cbc,identity,no_demographics,nested_development_oof,672,,1.2107016781727344,0.5763969629662189,0.04013719325906652,0.44991324690716666
anemia_class,cbc,temperature,available,nested_development_oof,672,,1.1800974179911952,0.5727071303154289,0.04847281248201822,0.47413381353953393
anemia_class,cbc,temperature,drop30,nested_development_oof,672,,1.9428532304035822,0.8053488625662749,0.12800493627603993,0.3085441608933194
anemia_class,cbc,temperature,drop60,nested_development_oof,672,,2.6082341234227093,0.9619228963212737,0.20980406091191756,0.14514116833541077
anemia_class,cbc,temperature,cbc_only,nested_development_oof,672,,1.1800974179911952,0.5727071303154289,0.04847281248201822,0.47413381353953393
anemia_class,cbc,temperature,hb_only,nested_development_oof,672,,2.677150367710448,0.9710850842260237,0.18457073422074427,0.04074128577693993
anemia_class,cbc,temperature,no_iron,nested_development_oof,672,,1.1800974179911952,0.5727071303154289,0.04847281248201822,0.47413381353953393
anemia_class,cbc,temperature,no_B12,nested_development_oof,672,,1.1800974179911952,0.5727071303154289,0.04847281248201822,0.47413381353953393
anemia_class,cbc,temperature,no_folate,nested_development_oof,672,,1.1800974179911952,0.5727071303154289,0.04847281248201822,0.47413381353953393
anemia_class,cbc,temperature,no_B6,nested_development_oof,672,,1.1800974179911952,0.5727071303154289,0.04847281248201822,0.47413381353953393
anemia_class,cbc,temperature,no_copper,nested_development_oof,672,,1.1800974179911952,0.5727071303154289,0.04847281248201822,0.47413381353953393
anemia_class,cbc,temperature,no_hemoglobin,nested_development_oof,672,,1.5883341403630704,0.7099297659046745,0.08361903166303394,0.327210735251891
anemia_class,cbc,temperature,no_demographics,nested_development_oof,672,,1.201453266664978,0.5809255516914954,0.06689814077748167,0.44991324690716666
iron_deficiency,primary,identity,available,nested_development_oof,672,233.0,0.054980062225305125,0.012101327878385278,0.020212105936629185,0.9807280513918629
iron_deficiency,primary,identity,drop30,nested_development_oof,672,233.0,0.10527915086106979,0.026253033492696736,0.03465959234498187,0.9565217391304348
iron_deficiency,primary,identity,drop60,nested_development_oof,672,233.0,0.2325277283413528,0.06770457226243112,0.05790876427137489,0.863013698630137
iron_deficiency,primary,identity,cbc_only,nested_development_oof,672,233.0,0.38341375156259344,0.11929505021556278,0.03136490526921576,0.7482352941176471
iron_deficiency,primary,identity,hb_only,nested_development_oof,672,233.0,0.6934598915279087,0.24309367728772313,0.13147318483291104,0.0
iron_deficiency,primary,identity,no_iron,nested_development_oof,672,233.0,0.3793474182661757,0.11860571291596572,0.06859696329173785,0.712468193384224
iron_deficiency,primary,identity,no_B12,nested_development_oof,672,233.0,0.056440399761345766,0.012418587392867912,0.019283194766697914,0.9807280513918629
iron_deficiency,primary,identity,no_folate,nested_development_oof,672,233.0,0.05620856944131344,0.012446656963607194,0.019618794201637105,0.9807280513918629
iron_deficiency,primary,identity,no_B6,nested_development_oof,672,233.0,0.05568257772921383,0.012292378887792887,0.020434875310814112,0.9807280513918629
iron_deficiency,primary,identity,no_copper,nested_development_oof,672,233.0,0.05479941515554294,0.01206551558219103,0.02005258730354057,0.9807280513918629
iron_deficiency,primary,identity,no_hemoglobin,nested_development_oof,672,233.0,0.054403066548445636,0.012003399624861086,0.020314377413240853,0.9807280513918629
iron_deficiency,primary,identity,no_demographics,nested_development_oof,672,233.0,0.05888789976314437,0.013588994291983205,0.022166293698736867,0.9786324786324786
iron_deficiency,primary,temperature,available,nested_development_oof,672,233.0,0.04801381560529868,0.010834707947343472,0.008473428267330581,0.9807280513918629
iron_deficiency,primary,temperature,drop30,nested_development_oof,672,233.0,0.09115247850321322,0.02405988026716409,0.012221492038403038,0.9565217391304348
iron_deficiency,primary,temperature,drop60,nested_development_oof,672,233.0,0.22135700505316436,0.06588311461133628,0.030883455314175277,0.863013698630137
iron_deficiency,primary,temperature,cbc_only,nested_development_oof,672,233.0,0.41075156965479837,0.12210213961057338,0.06191038658289147,0.7482352941176471
iron_deficiency,primary,temperature,hb_only,nested_development_oof,672,233.0,0.7823829203725934,0.2656833871461663,0.19960869556145971,0.0
iron_deficiency,primary,temperature,no_iron,nested_development_oof,672,233.0,0.41872562029487864,0.1234956271635789,0.09752757509444593,0.712468193384224
iron_deficiency,primary,temperature,no_B12,nested_development_oof,672,233.0,0.049789461673828785,0.011174344736487138,0.007057163166006695,0.9807280513918629
iron_deficiency,primary,temperature,no_folate,nested_development_oof,672,233.0,0.049271855167856135,0.011122823774482734,0.008600783775651943,0.9807280513918629
iron_deficiency,primary,temperature,no_B6,nested_development_oof,672,233.0,0.04885843709193475,0.01103092576885172,0.008806591886479217,0.9807280513918629
iron_deficiency,primary,temperature,no_copper,nested_development_oof,672,233.0,0.04789600861917711,0.01081736948216158,0.00833896509106745,0.9807280513918629
iron_deficiency,primary,temperature,no_hemoglobin,nested_development_oof,672,233.0,0.04732767527349431,0.010807434172577523,0.007319061511026563,0.9807280513918629
iron_deficiency,primary,temperature,no_demographics,nested_development_oof,672,233.0,0.05096125603260731,0.012324497419739643,0.007977627577583333,0.9786324786324786
iron_deficiency,primary,sigmoid_logit,available,nested_development_oof,672,233.0,0.04854189730984863,0.010968967864397054,0.009128063420217308,0.9807280513918629
iron_deficiency,primary,sigmoid_logit,drop30,nested_development_oof,672,233.0,0.0912088131550382,0.02394385219796712,0.01513842219843318,0.9587852494577006
iron_deficiency,primary,sigmoid_logit,drop60,nested_development_oof,672,233.0,0.2187623872425898,0.06525569462310642,0.03095681513172943,0.8656036446469249
iron_deficiency,primary,sigmoid_logit,cbc_only,nested_development_oof,672,233.0,0.4099223133712513,0.12128188875751506,0.052672182872213445,0.7575057736720554
iron_deficiency,primary,sigmoid_logit,hb_only,nested_development_oof,672,233.0,0.7542401899268869,0.2586945027724616,0.1798451917562662,0.0
iron_deficiency,primary,sigmoid_logit,no_iron,nested_development_oof,672,233.0,0.4087765949087967,0.12000986624701149,0.08532319227669671,0.7365853658536585
iron_deficiency,primary,sigmoid_logit,no_B12,nested_development_oof,672,233.0,0.05064541276046953,0.01139404810988099,0.009469607128352556,0.9807280513918629
iron_deficiency,primary,sigmoid_logit,no_folate,nested_development_oof,672,233.0,0.050029909276380354,0.011302149353433887,0.008419222690776612,0.9807280513918629
iron_deficiency,primary,sigmoid_logit,no_B6,nested_development_oof,672,233.0,0.04948891960184994,0.011186357648560562,0.009013441097782435,0.9807280513918629
iron_deficiency,primary,sigmoid_logit,no_copper,nested_development_oof,672,233.0,0.04840395375592421,0.010946851401857883,0.008967769105058702,0.9807280513918629
iron_deficiency,primary,sigmoid_logit,no_hemoglobin,nested_development_oof,672,233.0,0.047784544277524654,0.01093435828060333,0.007088328371559028,0.9807280513918629
iron_deficiency,primary,sigmoid_logit,no_demographics,nested_development_oof,672,233.0,0.05285387449041473,0.012905097576859452,0.013284101397453119,0.9786324786324786
iron_deficiency,cbc,identity,available,nested_development_oof,672,233.0,0.35312134292534997,0.10901562836460595,0.04349029842711371,0.7790432801822323
iron_deficiency,cbc,identity,drop30,nested_development_oof,672,233.0,0.44864288273537206,0.1470929229762585,0.05310321323912803,0.6071428571428571
iron_deficiency,cbc,identity,drop60,nested_development_oof,672,233.0,0.5387166673800936,0.18276146976473095,0.04227776120121288,0.4307692307692308
iron_deficiency,cbc,identity,cbc_only,nested_development_oof,672,233.0,0.35312134292534997,0.10901562836460592,0.043490298427113716,0.7790432801822323
iron_deficiency,cbc,identity,hb_only,nested_development_oof,672,233.0,0.660356416264445,0.23242696598058718,0.07371687313102447,0.0
iron_deficiency,cbc,identity,no_iron,nested_development_oof,672,233.0,0.35312134292534997,0.10901562836460592,0.043490298427113716,0.7790432801822323
iron_deficiency,cbc,identity,no_B12,nested_development_oof,672,233.0,0.35312134292534997,0.10901562836460592,0.043490298427113716,0.7790432801822323
iron_deficiency,cbc,identity,no_folate,nested_development_oof,672,233.0,0.35312134292534997,0.10901562836460595,0.043490298427113716,0.7790432801822323
iron_deficiency,cbc,identity,no_B6,nested_development_oof,672,233.0,0.35312134292534997,0.10901562836460592,0.04349029842711371,0.7790432801822323
iron_deficiency,cbc,identity,no_copper,nested_development_oof,672,233.0,0.35312134292534997,0.10901562836460595,0.043490298427113716,0.7790432801822323
iron_deficiency,cbc,identity,no_hemoglobin,nested_development_oof,672,233.0,0.35908335638260835,0.11136416744708082,0.0596576158441534,0.7785547785547785
iron_deficiency,cbc,identity,no_demographics,nested_development_oof,672,233.0,0.35085648783732964,0.10825303245001704,0.04312787454661525,0.7820224719101123
iron_deficiency,cbc,temperature,available,nested_development_oof,672,233.0,0.34845796219399533,0.10764906553571899,0.02867851266123502,0.7790432801822323
iron_deficiency,cbc,temperature,drop30,nested_development_oof,672,233.0,0.44752904115060327,0.1475205603000786,0.04428009031273361,0.6071428571428571
iron_deficiency,cbc,temperature,drop60,nested_development_oof,672,233.0,0.5434845094665642,0.18501021160934042,0.06702005941097187,0.4307692307692308
iron_deficiency,cbc,temperature,cbc_only,nested_development_oof,672,233.0,0.3484579621939954,0.10764906553571896,0.028678512661235018,0.7790432801822323
iron_deficiency,cbc,temperature,hb_only,nested_development_oof,672,233.0,0.681813145990441,0.2395535002266093,0.09509784719690412,0.0
iron_deficiency,cbc,temperature,no_iron,nested_development_oof,672,233.0,0.3484579621939954,0.10764906553571896,0.028678512661235018,0.7790432801822323
iron_deficiency,cbc,temperature,no_B12,nested_development_oof,672,233.0,0.3484579621939954,0.10764906553571896,0.02867851266123502,0.7790432801822323
iron_deficiency,cbc,temperature,no_folate,nested_development_oof,672,233.0,0.34845796219399533,0.10764906553571896,0.028678512661235018,0.7790432801822323
iron_deficiency,cbc,temperature,no_B6,nested_development_oof,672,233.0,0.3484579621939954,0.10764906553571896,0.028678512661235018,0.7790432801822323
iron_deficiency,cbc,temperature,no_copper,nested_development_oof,672,233.0,0.34845796219399533,0.10764906553571893,0.02867851266123502,0.7790432801822323
iron_deficiency,cbc,temperature,no_hemoglobin,nested_development_oof,672,233.0,0.3556623849661891,0.11018294832958601,0.04520437907721459,0.7785547785547785
iron_deficiency,cbc,temperature,no_demographics,nested_development_oof,672,233.0,0.3463180575246425,0.10698520767651895,0.03216476596069961,0.7820224719101123
iron_deficiency,cbc,sigmoid_logit,available,nested_development_oof,672,233.0,0.3481605164103388,0.10746422566877989,0.02394402834363175,0.7775280898876404
iron_deficiency,cbc,sigmoid_logit,drop30,nested_development_oof,672,233.0,0.4456334880971445,0.14674275990981986,0.04024754011813614,0.6115288220551378
iron_deficiency,cbc,sigmoid_logit,drop60,nested_development_oof,672,233.0,0.5399337784497201,0.18358427619509043,0.056917811954996456,0.4678362573099415
iron_deficiency,cbc,sigmoid_logit,cbc_only,nested_development_oof,672,233.0,0.3481605164103388,0.10746422566877989,0.02394402834363175,0.7775280898876404
iron_deficiency,cbc,sigmoid_logit,hb_only,nested_development_oof,672,233.0,0.6764760436226496,0.23787717700605268,0.0975499330312996,0.0
iron_deficiency,cbc,sigmoid_logit,no_iron,nested_development_oof,672,233.0,0.3481605164103388,0.10746422566877989,0.02394402834363174,0.7775280898876404
iron_deficiency,cbc,sigmoid_logit,no_B12,nested_development_oof,672,233.0,0.3481605164103388,0.10746422566877989,0.02394402834363175,0.7775280898876404
iron_deficiency,cbc,sigmoid_logit,no_folate,nested_development_oof,672,233.0,0.3481605164103388,0.10746422566877989,0.023944028343631747,0.7775280898876404
iron_deficiency,cbc,sigmoid_logit,no_B6,nested_development_oof,672,233.0,0.3481605164103388,0.10746422566877989,0.02394402834363175,0.7775280898876404
iron_deficiency,cbc,sigmoid_logit,no_copper,nested_development_oof,672,233.0,0.3481605164103388,0.10746422566877989,0.023944028343631747,0.7775280898876404
iron_deficiency,cbc,sigmoid_logit,no_hemoglobin,nested_development_oof,672,233.0,0.35414737720892236,0.10955612358566096,0.05058978913088029,0.7862068965517242
iron_deficiency,cbc,sigmoid_logit,no_demographics,nested_development_oof,672,233.0,0.34707270464375445,0.10712409741402777,0.02342548559226577,0.7911111111111111
B12_deficiency,primary,identity,available,nested_development_oof,672,155.0,0.07727866213751933,0.018614447985432023,0.029378498607556376,0.9612903225806452
B12_deficiency,primary,identity,drop30,nested_development_oof,672,155.0,0.1540828423332997,0.04274587695647458,0.02288108222399991,0.8671328671328671
B12_deficiency,primary,identity,drop60,nested_development_oof,672,155.0,0.24367994761949563,0.07176229638842749,0.04287319986208059,0.7547169811320755
B12_deficiency,primary,identity,cbc_only,nested_development_oof,672,155.0,0.3911798193239489,0.12734979723876533,0.044490498188125706,0.5287356321839081
B12_deficiency,primary,identity,hb_only,nested_development_oof,672,155.0,0.5583047665868486,0.1825707389711165,0.08793907217010137,0.0
B12_deficiency,primary,identity,no_iron,nested_development_oof,672,155.0,0.08414685057168457,0.02033744830431599,0.03537096047342847,0.9620253164556962
B12_deficiency,primary,identity,no_B12,nested_development_oof,672,155.0,0.31242089647615795,0.09546736984243942,0.057876250081669064,0.6473029045643154
B12_deficiency,primary,identity,no_folate,nested_development_oof,672,155.0,0.0907002308538569,0.023569523321027522,0.023513665566021236,0.9407894736842105
B12_deficiency,primary,identity,no_B6,nested_development_oof,672,155.0,0.07732541942251568,0.018576389816009224,0.029655173886621623,0.9612903225806452
B12_deficiency,primary,identity,no_copper,nested_development_oof,672,155.0,0.07747176376257593,0.01868147567818753,0.028276694451823108,0.9581993569131833
B12_deficiency,primary,identity,no_hemoglobin,nested_development_oof,672,155.0,0.07737797854138045,0.01841253969353753,0.028811239716331483,0.961038961038961
B12_deficiency,primary,identity,no_demographics,nested_development_oof,672,155.0,0.07710966487105643,0.01962369337798535,0.024778427815939613,0.9508196721311475
B12_deficiency,primary,temperature,available,nested_development_oof,672,155.0,0.07270969868734946,0.017718341301130248,0.0223237012873337,0.9612903225806452
B12_deficiency,primary,temperature,drop30,nested_development_oof,672,155.0,0.1513096384223455,0.04242995308654137,0.017038865962683038,0.8671328671328671
B12_deficiency,primary,temperature,drop60,nested_development_oof,672,155.0,0.241288922733431,0.07178067117816944,0.037985147755644044,0.7547169811320755
B12_deficiency,primary,temperature,cbc_only,nested_development_oof,672,155.0,0.4011193224262698,0.12957783033094478,0.05614324702248137,0.5287356321839081
B12_deficiency,primary,temperature,hb_only,nested_development_oof,672,155.0,0.5812131625809579,0.18776803687355895,0.11320898790263134,0.0
B12_deficiency,primary,temperature,no_iron,nested_development_oof,672,155.0,0.07917831003247362,0.019451192517896315,0.02920357114852003,0.9620253164556962
B12_deficiency,primary,temperature,no_B12,nested_development_oof,672,155.0,0.326601769532392,0.09720866330473048,0.06604252968620486,0.6473029045643154
B12_deficiency,primary,temperature,no_folate,nested_development_oof,672,155.0,0.08737710959702118,0.023018074687719436,0.017587372668400443,0.9407894736842105
B12_deficiency,primary,temperature,no_B6,nested_development_oof,672,155.0,0.07271251389557125,0.017668013206457257,0.02261110236327741,0.9612903225806452
B12_deficiency,primary,temperature,no_copper,nested_development_oof,672,155.0,0.0727993780611365,0.017773962827199494,0.02098266360968774,0.9581993569131833
B12_deficiency,primary,temperature,no_hemoglobin,nested_development_oof,672,155.0,0.07315688170816434,0.017588502029842933,0.021813914819568125,0.961038961038961
B12_deficiency,primary,temperature,no_demographics,nested_development_oof,672,155.0,0.0735369400383101,0.019010335557118386,0.019976099070653286,0.9508196721311475
B12_deficiency,primary,sigmoid_logit,available,nested_development_oof,672,155.0,0.0742059757439954,0.01835914999087627,0.022768925325268575,0.9556962025316456
B12_deficiency,primary,sigmoid_logit,drop30,nested_development_oof,672,155.0,0.14817558018861504,0.041748035627474984,0.01107720338131045,0.8837209302325582
B12_deficiency,primary,sigmoid_logit,drop60,nested_development_oof,672,155.0,0.23213415811012827,0.06846964033421502,0.019816958735960247,0.7692307692307693
B12_deficiency,primary,sigmoid_logit,cbc_only,nested_development_oof,672,155.0,0.40471624394945704,0.13035918165869745,0.06329506462231989,0.5563380281690141
B12_deficiency,primary,sigmoid_logit,hb_only,nested_development_oof,672,155.0,0.5584708937586589,0.18252918746669256,0.09075280755814219,0.012738853503184714
B12_deficiency,primary,sigmoid_logit,no_iron,nested_development_oof,672,155.0,0.08659441490723024,0.022242799977140976,0.030390314536009308,0.9440993788819876
B12_deficiency,primary,sigmoid_logit,no_B12,nested_development_oof,672,155.0,0.31490140057720156,0.09352158387729423,0.05012448583661677,0.6796875
B12_deficiency,primary,sigmoid_logit,no_folate,nested_development_oof,672,155.0,0.0861419147990168,0.022738941292637545,0.017828040620486173,0.939297124600639
B12_deficiency,primary,sigmoid_logit,no_B6,nested_development_oof,672,155.0,0.07443299984431574,0.018419193842605187,0.024110503901825443,0.9556962025316456
B12_deficiency,primary,sigmoid_logit,no_copper,nested_development_oof,672,155.0,0.0745623095665293,0.018525525313716158,0.020354776603943733,0.9556962025316456
B12_deficiency,primary,sigmoid_logit,no_hemoglobin,nested_development_oof,672,155.0,0.07297514510705716,0.01739484958464966,0.01993842144857053,0.9615384615384616
B12_deficiency,primary,sigmoid_logit,no_demographics,nested_development_oof,672,155.0,0.07066057412248414,0.018265968974002837,0.016860263266999426,0.9545454545454546
B12_deficiency,cbc,identity,available,nested_development_oof,672,155.0,0.37958602708420247,0.12262021237839657,0.038470414381715994,0.5393258426966292
B12_deficiency,cbc,identity,drop30,nested_development_oof,672,155.0,0.454954960207637,0.14629390027188624,0.06542561130408316,0.36607142857142855
B12_deficiency,cbc,identity,drop60,nested_development_oof,672,155.0,0.5422549531736991,0.16851333843734986,0.1018113368037297,0.17486338797814208
B12_deficiency,cbc,identity,cbc_only,nested_development_oof,672,155.0,0.37958602708420247,0.12262021237839657,0.038470414381715994,0.5393258426966292
B12_deficiency,cbc,identity,hb_only,nested_development_oof,672,155.0,0.6853030832119986,0.20335650602453065,0.15436649377918854,0.0
B12_deficiency,cbc,identity,no_iron,nested_development_oof,672,155.0,0.37958602708420247,0.12262021237839657,0.038470414381715994,0.5393258426966292
B12_deficiency,cbc,identity,no_B12,nested_development_oof,672,155.0,0.37958602708420247,0.12262021237839657,0.038470414381715994,0.5393258426966292
B12_deficiency,cbc,identity,no_folate,nested_development_oof,672,155.0,0.37958602708420247,0.12262021237839657,0.038470414381715994,0.5393258426966292
B12_deficiency,cbc,identity,no_B6,nested_development_oof,672,155.0,0.37958602708420247,0.12262021237839657,0.038470414381715994,0.5393258426966292
B12_deficiency,cbc,identity,no_copper,nested_development_oof,672,155.0,0.37958602708420247,0.12262021237839657,0.038470414381715994,0.5393258426966292
B12_deficiency,cbc,identity,no_hemoglobin,nested_development_oof,672,155.0,0.3842542130650303,0.12446488723426208,0.04131258295962467,0.5474452554744526
B12_deficiency,cbc,identity,no_demographics,nested_development_oof,672,155.0,0.37865671733247974,0.12198779268525006,0.050141894711900316,0.5447761194029851
B12_deficiency,cbc,temperature,available,nested_development_oof,672,155.0,0.3787088137088847,0.121883248434377,0.04121807131272603,0.5393258426966292
B12_deficiency,cbc,temperature,drop30,nested_development_oof,672,155.0,0.4477328782056352,0.14478456884723792,0.05385467964806808,0.36607142857142855
B12_deficiency,cbc,temperature,drop60,nested_development_oof,672,155.0,0.5278847852500828,0.166283335646791,0.09002974940296415,0.17486338797814208
B12_deficiency,cbc,temperature,cbc_only,nested_development_oof,672,155.0,0.3787088137088847,0.121883248434377,0.04121807131272603,0.5393258426966292
B12_deficiency,cbc,temperature,hb_only,nested_development_oof,672,155.0,0.6577603967528768,0.20011152817276465,0.14125297890297425,0.0
B12_deficiency,cbc,temperature,no_iron,nested_development_oof,672,155.0,0.3787088137088847,0.121883248434377,0.04121807131272603,0.5393258426966292
B12_deficiency,cbc,temperature,no_B12,nested_development_oof,672,155.0,0.3787088137088847,0.121883248434377,0.04121807131272603,0.5393258426966292
B12_deficiency,cbc,temperature,no_folate,nested_development_oof,672,155.0,0.3787088137088847,0.121883248434377,0.04121807131272603,0.5393258426966292
B12_deficiency,cbc,temperature,no_B6,nested_development_oof,672,155.0,0.3787088137088847,0.121883248434377,0.04121807131272603,0.5393258426966292
B12_deficiency,cbc,temperature,no_copper,nested_development_oof,672,155.0,0.3787088137088847,0.121883248434377,0.04121807131272603,0.5393258426966292
B12_deficiency,cbc,temperature,no_hemoglobin,nested_development_oof,672,155.0,0.38214387432862923,0.12350643680658502,0.04072958969603704,0.5474452554744526
B12_deficiency,cbc,temperature,no_demographics,nested_development_oof,672,155.0,0.3779103987607716,0.12130052315990729,0.04811619065300818,0.5447761194029851
B12_deficiency,cbc,sigmoid_logit,available,nested_development_oof,672,155.0,0.37897623137353387,0.12205322256888393,0.04115972392077013,0.5283018867924528
B12_deficiency,cbc,sigmoid_logit,drop30,nested_development_oof,672,155.0,0.44925560730952796,0.14530304148017853,0.056972495399981324,0.3470319634703196
B12_deficiency,cbc,sigmoid_logit,drop60,nested_development_oof,672,155.0,0.5301175878730386,0.1671166277641489,0.09204291435788736,0.1564245810055866
B12_deficiency,cbc,sigmoid_logit,cbc_only,nested_development_oof,672,155.0,0.37897623137353387,0.12205322256888393,0.04115972392077013,0.5283018867924528
B12_deficiency,cbc,sigmoid_logit,hb_only,nested_development_oof,672,155.0,0.6592367213130608,0.20036757818097892,0.13980308677329065,0.0
B12_deficiency,cbc,sigmoid_logit,no_iron,nested_development_oof,672,155.0,0.37897623137353387,0.12205322256888393,0.04115972392077013,0.5283018867924528
B12_deficiency,cbc,sigmoid_logit,no_B12,nested_development_oof,672,155.0,0.37897623137353387,0.12205322256888393,0.04115972392077013,0.5283018867924528
B12_deficiency,cbc,sigmoid_logit,no_folate,nested_development_oof,672,155.0,0.37897623137353387,0.12205322256888393,0.04115972392077013,0.5283018867924528
B12_deficiency,cbc,sigmoid_logit,no_B6,nested_development_oof,672,155.0,0.37897623137353387,0.12205322256888393,0.04115972392077013,0.5283018867924528
B12_deficiency,cbc,sigmoid_logit,no_copper,nested_development_oof,672,155.0,0.37897623137353387,0.12205322256888393,0.04115972392077013,0.5283018867924528
B12_deficiency,cbc,sigmoid_logit,no_hemoglobin,nested_development_oof,672,155.0,0.3819038353438446,0.12347013864423059,0.0412608508617077,0.5407407407407407
B12_deficiency,cbc,sigmoid_logit,no_demographics,nested_development_oof,672,155.0,0.3784387123769408,0.12152949543903144,0.04664291357286733,0.5247148288973384
folate_deficiency,primary,identity,available,nested_development_oof,672,120.0,0.17057009773200163,0.049148188039419574,0.03191600930925062,0.784688995215311
folate_deficiency,primary,identity,drop30,nested_development_oof,672,120.0,0.24580672793366937,0.07165200548097227,0.02204119568004978,0.6666666666666666
folate_deficiency,primary,identity,drop60,nested_development_oof,672,120.0,0.3300671814195833,0.0980100003987293,0.03261047733141581,0.5238095238095238
folate_deficiency,primary,identity,cbc_only,nested_development_oof,672,120.0,0.39539039232372564,0.12336601316977032,0.03231302396198823,0.3372093023255814
folate_deficiency,primary,identity,hb_only,nested_development_oof,672,120.0,0.4685464403448315,0.1464101267952352,0.04563811708671336,0.0
folate_deficiency,primary,identity,no_iron,nested_development_oof,672,120.0,0.16842627080691092,0.04803136889574175,0.027957881349250317,0.794392523364486
folate_deficiency,primary,identity,no_B12,nested_development_oof,672,120.0,0.18501972465350067,0.05338687268515843,0.02782398922286417,0.7777777777777778
folate_deficiency,primary,identity,no_folate,nested_development_oof,672,120.0,0.4088887139491592,0.12539191760238516,0.07643178121121877,0.19858156028368795
folate_deficiency,primary,identity,no_B6,nested_development_oof,672,120.0,0.16883716814012462,0.048453769871458705,0.02954345225491372,0.7962085308056872
folate_deficiency,primary,identity,no_copper,nested_development_oof,672,120.0,0.1720365210264188,0.04966539398941008,0.02893691287724696,0.7887323943661971
folate_deficiency,primary,identity,no_hemoglobin,nested_development_oof,672,120.0,0.1705150600176737,0.04887135313570189,0.03247891220345095,0.7830188679245284
folate_deficiency,primary,identity,no_demographics,nested_development_oof,672,120.0,0.1963636839708777,0.05691540575244561,0.045119777011157915,0.7564766839378239
folate_deficiency,primary,temperature,available,nested_development_oof,672,120.0,0.173898058705482,0.04945660850710005,0.03735630814598915,0.784688995215311
folate_deficiency,primary,temperature,drop30,nested_development_oof,672,120.0,0.2475094288871774,0.07186526161604634,0.019279269365241762,0.6666666666666666
folate_deficiency,primary,temperature,drop60,nested_development_oof,672,120.0,0.3293784694846793,0.09803486850718335,0.023334740701024894,0.5238095238095238
folate_deficiency,primary,temperature,cbc_only,nested_development_oof,672,120.0,0.3922840481332037,0.12291339391006015,0.02206692675526153,0.3372093023255814
folate_deficiency,primary,temperature,hb_only,nested_development_oof,672,120.0,0.46303015648498497,0.1452674643051056,0.0325858458685779,0.0
folate_deficiency,primary,temperature,no_iron,nested_development_oof,672,120.0,0.17256069927669862,0.048462553325667714,0.043083230412756336,0.794392523364486
folate_deficiency,primary,temperature,no_B12,nested_development_oof,672,120.0,0.18853974653469657,0.05387904173534618,0.032220188138800177,0.7777777777777778
folate_deficiency,primary,temperature,no_folate,nested_development_oof,672,120.0,0.39852279907291704,0.1238189154458991,0.062298282386909216,0.19858156028368795
folate_deficiency,primary,temperature,no_B6,nested_development_oof,672,120.0,0.17229308561426077,0.04879038781333095,0.035437610877770497,0.7962085308056872
folate_deficiency,primary,temperature,no_copper,nested_development_oof,672,120.0,0.1753856085562862,0.04998133972352107,0.034979811512077935,0.7887323943661971
folate_deficiency,primary,temperature,no_hemoglobin,nested_development_oof,672,120.0,0.1744508494438349,0.049279145973822845,0.03626915256631709,0.7830188679245284
folate_deficiency,primary,temperature,no_demographics,nested_development_oof,672,120.0,0.1947467663785853,0.05662033527413073,0.040274345659655514,0.7564766839378239
folate_deficiency,primary,sigmoid_logit,available,nested_development_oof,672,120.0,0.16947863218894987,0.04841107829944806,0.04276991599893566,0.8108108108108109
folate_deficiency,primary,sigmoid_logit,drop30,nested_development_oof,672,120.0,0.2450220964008496,0.07136077786678514,0.01708906377146376,0.6926829268292682
folate_deficiency,primary,sigmoid_logit,drop60,nested_development_oof,672,120.0,0.3264913342245654,0.09735075098087345,0.031745572201255304,0.5176470588235295
folate_deficiency,primary,sigmoid_logit,cbc_only,nested_development_oof,672,120.0,0.3954850995779878,0.12425054477786694,0.041886104495590416,0.42
folate_deficiency,primary,sigmoid_logit,hb_only,nested_development_oof,672,120.0,0.46074835971790523,0.14480437839572324,0.01877940114326967,0.0
folate_deficiency,primary,sigmoid_logit,no_iron,nested_development_oof,672,120.0,0.16827838059003866,0.04740732837541476,0.03555888838184655,0.8165137614678899
folate_deficiency,primary,sigmoid_logit,no_B12,nested_development_oof,672,120.0,0.1855000762506412,0.05332564396293496,0.032678360442083665,0.7963800904977375
folate_deficiency,primary,sigmoid_logit,no_folate,nested_development_oof,672,120.0,0.3938315401765808,0.12192474674431253,0.05462652319286328,0.28205128205128205
folate_deficiency,primary,sigmoid_logit,no_B6,nested_development_oof,672,120.0,0.16802808868938307,0.04781685163848686,0.03902828890463373,0.8108108108108109
folate_deficiency,primary,sigmoid_logit,no_copper,nested_development_oof,672,120.0,0.17145410605657446,0.049174915881053216,0.03904183052039975,0.7946428571428571
folate_deficiency,primary,sigmoid_logit,no_hemoglobin,nested_development_oof,672,120.0,0.17115567812414573,0.04868761513848857,0.03353886316419281,0.8035714285714286
folate_deficiency,primary,sigmoid_logit,no_demographics,nested_development_oof,672,120.0,0.18611651172451302,0.0539096289949468,0.03425523309905279,0.79
folate_deficiency,cbc,identity,available,nested_development_oof,672,120.0,0.40870211178041677,0.12448682761566983,0.045507012126689866,0.3728813559322034
folate_deficiency,cbc,identity,drop30,nested_development_oof,672,120.0,0.518362387796505,0.14670865370379854,0.09566890666205043,0.2064516129032258
folate_deficiency,cbc,identity,drop60,nested_development_oof,672,120.0,0.6175899724253354,0.16114377240706299,0.12908078097978007,0.06299212598425197
folate_deficiency,cbc,identity,cbc_only,nested_development_oof,672,120.0,0.40870211178041677,0.12448682761566983,0.045507012126689866,0.3728813559322034
folate_deficiency,cbc,identity,hb_only,nested_development_oof,672,120.0,0.6180352457336298,0.16419706875678391,0.1292255955978639,0.0
folate_deficiency,cbc,identity,no_iron,nested_development_oof,672,120.0,0.40870211178041677,0.12448682761566983,0.045507012126689866,0.3728813559322034
folate_deficiency,cbc,identity,no_B12,nested_development_oof,672,120.0,0.40870211178041677,0.12448682761566983,0.045507012126689866,0.3728813559322034
folate_deficiency,cbc,identity,no_folate,nested_development_oof,672,120.0,0.40870211178041677,0.12448682761566983,0.045507012126689866,0.3728813559322034
folate_deficiency,cbc,identity,no_B6,nested_development_oof,672,120.0,0.40870211178041677,0.12448682761566983,0.045507012126689866,0.3728813559322034
folate_deficiency,cbc,identity,no_copper,nested_development_oof,672,120.0,0.40870211178041677,0.12448682761566983,0.045507012126689866,0.3728813559322034
folate_deficiency,cbc,identity,no_hemoglobin,nested_development_oof,672,120.0,0.4118672378879334,0.12732419615328128,0.047929993008459126,0.3567567567567568
folate_deficiency,cbc,identity,no_demographics,nested_development_oof,672,120.0,0.43478895063507156,0.12967130053738013,0.07251484911340171,0.24161073825503357
folate_deficiency,cbc,temperature,available,nested_development_oof,672,120.0,0.3968064727776024,0.12357256869621544,0.02430543582962992,0.3728813559322034
folate_deficiency,cbc,temperature,drop30,nested_development_oof,672,120.0,0.45858671609738766,0.14059482779373506,0.050828537088694094,0.2064516129032258
folate_deficiency,cbc,temperature,drop60,nested_development_oof,672,120.0,0.5128591259789618,0.15287014360745393,0.087256923774042,0.06299212598425197
folate_deficiency,cbc,temperature,cbc_only,nested_development_oof,672,120.0,0.3968064727776024,0.12357256869621544,0.02430543582962992,0.3728813559322034
folate_deficiency,cbc,temperature,hb_only,nested_development_oof,672,120.0,0.5172979504254068,0.15510269930015386,0.072311244052961,0.0
folate_deficiency,cbc,temperature,no_iron,nested_development_oof,672,120.0,0.3968064727776024,0.12357256869621544,0.02430543582962992,0.3728813559322034
folate_deficiency,cbc,temperature,no_B12,nested_development_oof,672,120.0,0.3968064727776024,0.12357256869621544,0.02430543582962992,0.3728813559322034
folate_deficiency,cbc,temperature,no_folate,nested_development_oof,672,120.0,0.3968064727776024,0.12357256869621544,0.02430543582962992,0.3728813559322034
folate_deficiency,cbc,temperature,no_B6,nested_development_oof,672,120.0,0.3968064727776024,0.12357256869621544,0.02430543582962992,0.3728813559322034
folate_deficiency,cbc,temperature,no_copper,nested_development_oof,672,120.0,0.3968064727776024,0.12357256869621544,0.02430543582962992,0.3728813559322034
folate_deficiency,cbc,temperature,no_hemoglobin,nested_development_oof,672,120.0,0.40208106360078916,0.1258824874256464,0.038942238958791085,0.3567567567567568
folate_deficiency,cbc,temperature,no_demographics,nested_development_oof,672,120.0,0.4000145312307109,0.12471861005179356,0.023621836905257907,0.24161073825503357
folate_deficiency,cbc,sigmoid_logit,available,nested_development_oof,672,120.0,0.3948406329395092,0.12263176282228778,0.010919871375934136,0.2875816993464052
folate_deficiency,cbc,sigmoid_logit,drop30,nested_development_oof,672,120.0,0.4551070341874941,0.13965469668663028,0.044050605768511886,0.12949640287769784
folate_deficiency,cbc,sigmoid_logit,drop60,nested_development_oof,672,120.0,0.5074565238084304,0.1517906894579174,0.08566766809487636,0.048
folate_deficiency,cbc,sigmoid_logit,cbc_only,nested_development_oof,672,120.0,0.3948406329395092,0.12263176282228778,0.010919871375934136,0.2875816993464052
folate_deficiency,cbc,sigmoid_logit,hb_only,nested_development_oof,672,120.0,0.5148839050629382,0.15477948333301034,0.07615421237326252,0.0
folate_deficiency,cbc,sigmoid_logit,no_iron,nested_development_oof,672,120.0,0.3948406329395092,0.12263176282228778,0.010919871375934136,0.2875816993464052
folate_deficiency,cbc,sigmoid_logit,no_B12,nested_development_oof,672,120.0,0.3948406329395092,0.12263176282228778,0.010919871375934136,0.2875816993464052
folate_deficiency,cbc,sigmoid_logit,no_folate,nested_development_oof,672,120.0,0.3948406329395092,0.12263176282228778,0.010919871375934136,0.2875816993464052
folate_deficiency,cbc,sigmoid_logit,no_B6,nested_development_oof,672,120.0,0.3948406329395092,0.12263176282228778,0.010919871375934136,0.2875816993464052
folate_deficiency,cbc,sigmoid_logit,no_copper,nested_development_oof,672,120.0,0.3948406329395092,0.12263176282228778,0.010919871375934136,0.2875816993464052
folate_deficiency,cbc,sigmoid_logit,no_hemoglobin,nested_development_oof,672,120.0,0.39787290134121217,0.12409418983675771,0.021784193945238634,0.30120481927710846
folate_deficiency,cbc,sigmoid_logit,no_demographics,nested_development_oof,672,120.0,0.40373424682820963,0.12622411699305594,0.03503920589566809,0.18840579710144928
B6_deficiency,primary,identity,available,nested_development_oof,672,28.0,0.0585297708801949,0.01116266553070259,0.01215694493967686,0.8571428571428571
B6_deficiency,primary,identity,drop30,nested_development_oof,672,28.0,0.10506348835843599,0.020731055384746077,0.015176147284526487,0.6818181818181818
B6_deficiency,primary,identity,drop60,nested_development_oof,672,28.0,0.14899792978117893,0.030212561001827048,0.020566551175612964,0.43243243243243246
B6_deficiency,primary,identity,cbc_only,nested_development_oof,672,28.0,0.21692901863157785,0.04098472435881292,0.03770785745387752,0.0
B6_deficiency,primary,identity,hb_only,nested_development_oof,672,28.0,0.1979937706628355,0.041888192513846,0.029267559696118422,0.0
B6_deficiency,primary,identity,no_iron,nested_development_oof,672,28.0,0.061632311342237914,0.011141075110263318,0.009991644904782571,0.84
B6_deficiency,primary,identity,no_B12,nested_development_oof,672,28.0,0.05846564840133562,0.011201542954657208,0.010894409462754159,0.84
B6_deficiency,primary,identity,no_folate,nested_development_oof,672,28.0,0.05835147725243353,0.011127988355381879,0.012146410131337342,0.8571428571428571
B6_deficiency,primary,identity,no_B6,nested_development_oof,672,28.0,0.20971349691912003,0.04075687419928037,0.0382897201704059,0.0
B6_deficiency,primary,identity,no_copper,nested_development_oof,672,28.0,0.05796784748224129,0.01111226430436412,0.012171704441571314,0.8571428571428571
B6_deficiency,primary,identity,no_hemoglobin,nested_development_oof,672,28.0,0.05897243855951283,0.011214332941931405,0.012388795127469246,0.8571428571428571
B6_deficiency,primary,identity,no_demographics,nested_development_oof,672,28.0,0.058696063508342035,0.010996800427466922,0.012439064511813173,0.8571428571428571
B6_deficiency,primary,temperature,available,nested_development_oof,672,28.0,0.057082313864415854,0.01158495009508794,0.010897450581386595,0.8571428571428571
B6_deficiency,primary,temperature,drop30,nested_development_oof,672,28.0,0.09711147979028482,0.020905552230499794,0.005600983698577665,0.6818181818181818
B6_deficiency,primary,temperature,drop60,nested_development_oof,672,28.0,0.1355005880056806,0.030170634419927886,0.006017217462567332,0.43243243243243246
B6_deficiency,primary,temperature,cbc_only,nested_development_oof,672,28.0,0.1728911328186038,0.03985159569253211,0.028797377442598762,0.0
B6_deficiency,primary,temperature,hb_only,nested_development_oof,672,28.0,0.1843774104989467,0.0424479569950922,0.012093282302395491,0.0
B6_deficiency,primary,temperature,no_iron,nested_development_oof,672,28.0,0.061046711954062444,0.011649638023903083,0.01181736422122402,0.84
B6_deficiency,primary,temperature,no_B12,nested_development_oof,672,28.0,0.0565690820447458,0.011579219117171987,0.00881401495944818,0.84
B6_deficiency,primary,temperature,no_folate,nested_development_oof,672,28.0,0.056606971744394406,0.011527158873678466,0.010411249464763486,0.8571428571428571
B6_deficiency,primary,temperature,no_B6,nested_development_oof,672,28.0,0.16642133126044212,0.039435770923544035,0.029453325612736656,0.0
B6_deficiency,primary,temperature,no_copper,nested_development_oof,672,28.0,0.05654863886772299,0.011525175841724536,0.010696422848178441,0.8571428571428571
B6_deficiency,primary,temperature,no_hemoglobin,nested_development_oof,672,28.0,0.057475774781432634,0.011672502619132849,0.011037672559418135,0.8571428571428571
B6_deficiency,primary,temperature,no_demographics,nested_development_oof,672,28.0,0.05682153951491534,0.011452488392370383,0.011041096752075824,0.8571428571428571
B6_deficiency,primary,sigmoid_logit,available,nested_development_oof,672,28.0,0.0566601240431342,0.011437940933106138,0.009398651323272304,0.84
B6_deficiency,primary,sigmoid_logit,drop30,nested_development_oof,672,28.0,0.09694264160015005,0.020845454167156843,0.0051168726342378,0.6818181818181818
B6_deficiency,primary,sigmoid_logit,drop60,nested_development_oof,672,28.0,0.13555667042016994,0.030239754702389217,0.009329691232326257,0.43243243243243246
B6_deficiency,primary,sigmoid_logit,cbc_only,nested_development_oof,672,28.0,0.1726611596773269,0.03984232633538941,0.02876848333171434,0.0
B6_deficiency,primary,sigmoid_logit,hb_only,nested_development_oof,672,28.0,0.1844706076877045,0.042554172238493025,0.012637226880255724,0.0
B6_deficiency,primary,sigmoid_logit,no_iron,nested_development_oof,672,28.0,0.06092479295391978,0.01162659322040317,0.011928672968432193,0.84
B6_deficiency,primary,sigmoid_logit,no_B12,nested_development_oof,672,28.0,0.05611906641610517,0.01142310818911636,0.008742754043992124,0.84
B6_deficiency,primary,sigmoid_logit,no_folate,nested_development_oof,672,28.0,0.056178658181504734,0.011389473664965441,0.008903900849747055,0.84
B6_deficiency,primary,sigmoid_logit,no_B6,nested_development_oof,672,28.0,0.1660826359164997,0.03941863567193145,0.02937950041749381,0.0
B6_deficiency,primary,sigmoid_logit,no_copper,nested_development_oof,672,28.0,0.0561137007720813,0.011378844891130275,0.00925800133757074,0.84
B6_deficiency,primary,sigmoid_logit,no_hemoglobin,nested_development_oof,672,28.0,0.05702757844458696,0.011510231746704572,0.009547974160417654,0.84
B6_deficiency,primary,sigmoid_logit,no_demographics,nested_development_oof,672,28.0,0.05641676860196813,0.01131884913287508,0.009488971762714741,0.84
B6_deficiency,cbc,identity,available,nested_development_oof,672,28.0,0.16180183029371287,0.0369501849611877,0.02614200157725786,0.2222222222222222
B6_deficiency,cbc,identity,drop30,nested_development_oof,672,28.0,0.18428166861496034,0.04648038714212155,0.032076151893338255,0.10526315789473684
B6_deficiency,cbc,identity,drop60,nested_development_oof,672,28.0,0.20670829988153905,0.05222634616958595,0.062406554364180904,0.1
B6_deficiency,cbc,identity,cbc_only,nested_development_oof,672,28.0,0.16180183029371287,0.0369501849611877,0.02614200157725786,0.2222222222222222
B6_deficiency,cbc,identity,hb_only,nested_development_oof,672,28.0,0.24098307557524387,0.05894318709838413,0.10427042993699857,0.0
B6_deficiency,cbc,identity,no_iron,nested_development_oof,672,28.0,0.16180183029371287,0.0369501849611877,0.02614200157725786,0.2222222222222222
B6_deficiency,cbc,identity,no_B12,nested_development_oof,672,28.0,0.16180183029371287,0.0369501849611877,0.02614200157725786,0.2222222222222222
B6_deficiency,cbc,identity,no_folate,nested_development_oof,672,28.0,0.16180183029371287,0.0369501849611877,0.02614200157725786,0.2222222222222222
B6_deficiency,cbc,identity,no_B6,nested_development_oof,672,28.0,0.16180183029371287,0.0369501849611877,0.02614200157725786,0.2222222222222222
B6_deficiency,cbc,identity,no_copper,nested_development_oof,672,28.0,0.16180183029371287,0.0369501849611877,0.02614200157725786,0.2222222222222222
B6_deficiency,cbc,identity,no_hemoglobin,nested_development_oof,672,28.0,0.16129310991059082,0.03742138461676449,0.024470324297292498,0.06666666666666667
B6_deficiency,cbc,identity,no_demographics,nested_development_oof,672,28.0,0.16674674394654912,0.03654398200557715,0.02930785598521392,0.18181818181818182
B6_deficiency,cbc,temperature,available,nested_development_oof,672,28.0,0.14865351726059411,0.03697123496862493,0.01824734570313173,0.2222222222222222
B6_deficiency,cbc,temperature,drop30,nested_development_oof,672,28.0,0.19984710248784968,0.050860188697750115,0.06892971405246306,0.10526315789473684
B6_deficiency,cbc,temperature,drop60,nested_development_oof,672,28.0,0.23924810354147033,0.060874769153182795,0.10861789762880597,0.1
B6_deficiency,cbc,temperature,cbc_only,nested_development_oof,672,28.0,0.14865351726059411,0.03697123496862493,0.01824734570313173,0.2222222222222222
B6_deficiency,cbc,temperature,hb_only,nested_development_oof,672,28.0,0.3029891756019842,0.07707101987689982,0.1739007566947087,0.0
B6_deficiency,cbc,temperature,no_iron,nested_development_oof,672,28.0,0.14865351726059411,0.03697123496862493,0.01824734570313173,0.2222222222222222
B6_deficiency,cbc,temperature,no_B12,nested_development_oof,672,28.0,0.14865351726059411,0.03697123496862493,0.01824734570313173,0.2222222222222222
B6_deficiency,cbc,temperature,no_folate,nested_development_oof,672,28.0,0.14865351726059411,0.03697123496862493,0.01824734570313173,0.2222222222222222
B6_deficiency,cbc,temperature,no_B6,nested_development_oof,672,28.0,0.14865351726059411,0.03697123496862493,0.01824734570313173,0.2222222222222222
B6_deficiency,cbc,temperature,no_copper,nested_development_oof,672,28.0,0.14865351726059411,0.03697123496862493,0.01824734570313173,0.2222222222222222
B6_deficiency,cbc,temperature,no_hemoglobin,nested_development_oof,672,28.0,0.15087371185689363,0.03744703882510962,0.01261693019842078,0.06666666666666667
B6_deficiency,cbc,temperature,no_demographics,nested_development_oof,672,28.0,0.14552816774141344,0.03593577186680462,0.0155187641677707,0.18181818181818182
B6_deficiency,cbc,sigmoid_logit,available,nested_development_oof,672,28.0,0.14779842926235606,0.036699552124595455,0.017427713542934875,0.06060606060606061
B6_deficiency,cbc,sigmoid_logit,drop30,nested_development_oof,672,28.0,0.19268065011695684,0.04823471673791105,0.05984150381095906,0.06060606060606061
B6_deficiency,cbc,sigmoid_logit,drop60,nested_development_oof,672,28.0,0.22720285084109637,0.0563081683012565,0.0976886650145057,0.10526315789473684
B6_deficiency,cbc,sigmoid_logit,cbc_only,nested_development_oof,672,28.0,0.14779842926235606,0.036699552124595455,0.017427713542934875,0.06060606060606061
B6_deficiency,cbc,sigmoid_logit,hb_only,nested_development_oof,672,28.0,0.280541822294412,0.06875722088419797,0.1531425563817178,0.0
B6_deficiency,cbc,sigmoid_logit,no_iron,nested_development_oof,672,28.0,0.14779842926235606,0.036699552124595455,0.017427713542934875,0.06060606060606061
B6_deficiency,cbc,sigmoid_logit,no_B12,nested_development_oof,672,28.0,0.14779842926235606,0.036699552124595455,0.017427713542934875,0.06060606060606061
B6_deficiency,cbc,sigmoid_logit,no_folate,nested_development_oof,672,28.0,0.14779842926235606,0.036699552124595455,0.017427713542934875,0.06060606060606061
B6_deficiency,cbc,sigmoid_logit,no_B6,nested_development_oof,672,28.0,0.14779842926235606,0.036699552124595455,0.017427713542934875,0.06060606060606061
B6_deficiency,cbc,sigmoid_logit,no_copper,nested_development_oof,672,28.0,0.14779842926235606,0.036699552124595455,0.017427713542934875,0.06060606060606061
B6_deficiency,cbc,sigmoid_logit,no_hemoglobin,nested_development_oof,672,28.0,0.1502053943827928,0.03720887765050196,0.010469872943939296,0.06666666666666667
B6_deficiency,cbc,sigmoid_logit,no_demographics,nested_development_oof,672,28.0,0.14557105595222167,0.03593386088729068,0.016237066541062856,0.06451612903225806
copper_deficiency,primary,identity,available,nested_development_oof,672,28.0,0.023219894383938743,0.006263268162853399,0.008361446375743386,0.9019607843137255
copper_deficiency,primary,identity,drop30,nested_development_oof,672,28.0,0.06834714637719926,0.014091576137262413,0.010882466180072417,0.7755102040816326
copper_deficiency,primary,identity,drop60,nested_development_oof,672,28.0,0.13940911911883774,0.027753685188486914,0.022940205371136696,0.5128205128205128
copper_deficiency,primary,identity,cbc_only,nested_development_oof,672,28.0,0.28649398873675286,0.04156616627347535,0.04103460247406613,0.0
copper_deficiency,primary,identity,hb_only,nested_development_oof,672,28.0,0.22581766694350633,0.041051993001934545,0.03251054787107909,0.0
copper_deficiency,primary,identity,no_iron,nested_development_oof,672,28.0,0.023420647303427015,0.006270821365863118,0.00873946109862753,0.9019607843137255
copper_deficiency,primary,identity,no_B12,nested_development_oof,672,28.0,0.023289929194369924,0.006356646712893962,0.008435689350804599,0.9019607843137255
copper_deficiency,primary,identity,no_folate,nested_development_oof,672,28.0,0.02313008443314662,0.006251184747893535,0.00689482669596736,0.9019607843137255
copper_deficiency,primary,identity,no_B6,nested_development_oof,672,28.0,0.023134605049871776,0.006226182976505572,0.008307720754987088,0.9019607843137255
copper_deficiency,primary,identity,no_copper,nested_development_oof,672,28.0,0.28046075311567065,0.04150656443492274,0.04098458653549311,0.0
copper_deficiency,primary,identity,no_hemoglobin,nested_development_oof,672,28.0,0.02331697851852392,0.006313509034482367,0.007120891633101327,0.9019607843137255
copper_deficiency,primary,identity,no_demographics,nested_development_oof,672,28.0,0.022430110885765086,0.00608702219986706,0.006752357426391654,0.9019607843137255
copper_deficiency,primary,temperature,available,nested_development_oof,672,28.0,0.025610641348533296,0.006392925181621249,0.011074541217440939,0.9019607843137255
copper_deficiency,primary,temperature,drop30,nested_development_oof,672,28.0,0.06561312825256832,0.014307778994839508,0.007579120312581756,0.7755102040816326
copper_deficiency,primary,temperature,drop60,nested_development_oof,672,28.0,0.1282335336360525,0.027623508117049934,0.0155624581748252,0.5128205128205128
copper_deficiency,primary,temperature,cbc_only,nested_development_oof,672,28.0,0.23222996171945653,0.04128380264870733,0.03884185945303365,0.0
copper_deficiency,primary,temperature,hb_only,nested_development_oof,672,28.0,0.19405532693458052,0.04057894195278543,0.020812651204394416,0.0
copper_deficiency,primary,temperature,no_iron,nested_development_oof,672,28.0,0.02622440750231765,0.006418573585810315,0.01207563642896731,0.9019607843137255
copper_deficiency,primary,temperature,no_B12,nested_development_oof,672,28.0,0.025555887028136312,0.006451044640947911,0.011288763004971381,0.9019607843137255
copper_deficiency,primary,temperature,no_folate,nested_development_oof,672,28.0,0.02554988150666726,0.006377699365875416,0.011048777217145894,0.9019607843137255
copper_deficiency,primary,temperature,no_B6,nested_development_oof,672,28.0,0.025525510978839705,0.006360018043252343,0.011017732644984724,0.9019607843137255
copper_deficiency,primary,temperature,no_copper,nested_development_oof,672,28.0,0.227226195937437,0.04116088375922778,0.03876247780052937,0.0
copper_deficiency,primary,temperature,no_hemoglobin,nested_development_oof,672,28.0,0.025878175351739946,0.006461518794609898,0.011392695647508678,0.9019607843137255
copper_deficiency,primary,temperature,no_demographics,nested_development_oof,672,28.0,0.025533196790049183,0.006222287021342247,0.011460209251060616,0.9019607843137255
copper_deficiency,primary,sigmoid_logit,available,nested_development_oof,672,28.0,0.022687144493091848,0.005608990709785091,0.010828377983495764,0.9230769230769231
copper_deficiency,primary,sigmoid_logit,drop30,nested_development_oof,672,28.0,0.06623591743058453,0.014540701204063191,0.00784085978705751,0.8
copper_deficiency,primary,sigmoid_logit,drop60,nested_development_oof,672,28.0,0.12798534933663802,0.02726263220447911,0.011765840535483758,0.5128205128205128
copper_deficiency,primary,sigmoid_logit,cbc_only,nested_development_oof,672,28.0,0.23657533318973023,0.04131423706040655,0.03919704246825439,0.0
copper_deficiency,primary,sigmoid_logit,hb_only,nested_development_oof,672,28.0,0.1949610448176438,0.04058202997431352,0.01877718383909218,0.0
copper_deficiency,primary,sigmoid_logit,no_iron,nested_development_oof,672,28.0,0.023269648209548067,0.00556970595361337,0.011417580887195123,0.9230769230769231
copper_deficiency,primary,sigmoid_logit,no_B12,nested_development_oof,672,28.0,0.02259149182322698,0.005641187671910473,0.010754225463407749,0.9230769230769231
copper_deficiency,primary,sigmoid_logit,no_folate,nested_development_oof,672,28.0,0.022651963398260307,0.005594106934324728,0.008909340509472138,0.9230769230769231
copper_deficiency,primary,sigmoid_logit,no_B6,nested_development_oof,672,28.0,0.022618447642512966,0.005585936126515668,0.010776697089880922,0.9230769230769231
copper_deficiency,primary,sigmoid_logit,no_copper,nested_development_oof,672,28.0,0.23111206802570097,0.04117542152476884,0.03909142249543281,0.0
copper_deficiency,primary,sigmoid_logit,no_hemoglobin,nested_development_oof,672,28.0,0.022920001291713083,0.005655407225008805,0.011970771217255935,0.9230769230769231
copper_deficiency,primary,sigmoid_logit,no_demographics,nested_development_oof,672,28.0,0.022922937180697406,0.005537558205118145,0.01049573692711868,0.9230769230769231
copper_deficiency,cbc,identity,available,nested_development_oof,672,28.0,0.1322880439770397,0.035769935973739495,0.021909995566766215,0.06666666666666667
copper_deficiency,cbc,identity,drop30,nested_development_oof,672,28.0,0.3568175668246098,0.11849136463468952,0.14779146451260677,0.07575757575757576
copper_deficiency,cbc,identity,drop60,nested_development_oof,672,28.0,0.6406427841104173,0.22724373030674355,0.3289370457295153,0.10909090909090909
copper_deficiency,cbc,identity,cbc_only,nested_development_oof,672,28.0,0.1322880439770397,0.035769935973739495,0.021909995566766215,0.06666666666666667
copper_deficiency,cbc,identity,hb_only,nested_development_oof,672,28.0,1.0442735315021159,0.37883541141098054,0.5304711172553459,0.06965174129353234
copper_deficiency,cbc,identity,no_iron,nested_development_oof,672,28.0,0.1322880439770397,0.035769935973739495,0.021909995566766215,0.06666666666666667
copper_deficiency,cbc,identity,no_B12,nested_development_oof,672,28.0,0.1322880439770397,0.035769935973739495,0.021909995566766215,0.06666666666666667
copper_deficiency,cbc,identity,no_folate,nested_development_oof,672,28.0,0.1322880439770397,0.035769935973739495,0.021909995566766215,0.06666666666666667
copper_deficiency,cbc,identity,no_B6,nested_development_oof,672,28.0,0.1322880439770397,0.035769935973739495,0.021909995566766215,0.06666666666666667
copper_deficiency,cbc,identity,no_copper,nested_development_oof,672,28.0,0.1322880439770397,0.035769935973739495,0.021909995566766215,0.06666666666666667
copper_deficiency,cbc,identity,no_hemoglobin,nested_development_oof,672,28.0,0.12947336904952772,0.03553676301147856,0.017089533500201894,0.06666666666666667
copper_deficiency,cbc,identity,no_demographics,nested_development_oof,672,28.0,0.12612764510014177,0.03516041728941671,0.01435637859166198,0.17647058823529413
copper_deficiency,cbc,temperature,available,nested_development_oof,672,28.0,0.12879337547149983,0.034707298176382795,0.015224793627533201,0.06666666666666667
copper_deficiency,cbc,temperature,drop30,nested_development_oof,672,28.0,0.34570965644909596,0.1143190329565807,0.16933583962946458,0.07575757575757576
copper_deficiency,cbc,temperature,drop60,nested_development_oof,672,28.0,0.5933120330503391,0.2117811634162564,0.339875509027482,0.10909090909090909
copper_deficiency,cbc,temperature,cbc_only,nested_development_oof,672,28.0,0.12879337547149983,0.034707298176382795,0.015224793627533201,0.06666666666666667
copper_deficiency,cbc,temperature,hb_only,nested_development_oof,672,28.0,0.9123072107426047,0.341960760852501,0.5160301229182421,0.06965174129353234
copper_deficiency,cbc,temperature,no_iron,nested_development_oof,672,28.0,0.12879337547149983,0.034707298176382795,0.015224793627533201,0.06666666666666667
copper_deficiency,cbc,temperature,no_B12,nested_development_oof,672,28.0,0.12879337547149983,0.034707298176382795,0.015224793627533201,0.06666666666666667
copper_deficiency,cbc,temperature,no_folate,nested_development_oof,672,28.0,0.12879337547149983,0.034707298176382795,0.015224793627533201,0.06666666666666667
copper_deficiency,cbc,temperature,no_B6,nested_development_oof,672,28.0,0.12879337547149983,0.034707298176382795,0.015224793627533201,0.06666666666666667
copper_deficiency,cbc,temperature,no_copper,nested_development_oof,672,28.0,0.12879337547149983,0.034707298176382795,0.015224793627533201,0.06666666666666667
copper_deficiency,cbc,temperature,no_hemoglobin,nested_development_oof,672,28.0,0.1303692894611208,0.03498080420639012,0.014032221613679743,0.06666666666666667
copper_deficiency,cbc,temperature,no_demographics,nested_development_oof,672,28.0,0.13587538847377637,0.03579417638415899,0.030248348397389557,0.17647058823529413
copper_deficiency,cbc,sigmoid_logit,available,nested_development_oof,672,28.0,0.12937705566136473,0.03488420889001799,0.01408527350140357,0.06666666666666667
copper_deficiency,cbc,sigmoid_logit,drop30,nested_development_oof,672,28.0,0.3241978690081272,0.10524515780409177,0.1575060832165069,0.05309734513274336
copper_deficiency,cbc,sigmoid_logit,drop60,nested_development_oof,672,28.0,0.5516214461022566,0.19362312646549004,0.3194794272969911,0.09795918367346938
copper_deficiency,cbc,sigmoid_logit,cbc_only,nested_development_oof,672,28.0,0.12937705566136473,0.03488420889001799,0.01408527350140357,0.06666666666666667
copper_deficiency,cbc,sigmoid_logit,hb_only,nested_development_oof,672,28.0,0.8513773617817686,0.3141957713982834,0.48608360473094936,0.06896551724137931
copper_deficiency,cbc,sigmoid_logit,no_iron,nested_development_oof,672,28.0,0.12937705566136473,0.03488420889001799,0.01408527350140357,0.06666666666666667
copper_deficiency,cbc,sigmoid_logit,no_B12,nested_development_oof,672,28.0,0.12937705566136473,0.03488420889001799,0.01408527350140357,0.06666666666666667
copper_deficiency,cbc,sigmoid_logit,no_folate,nested_development_oof,672,28.0,0.12937705566136473,0.03488420889001799,0.01408527350140357,0.06666666666666667
copper_deficiency,cbc,sigmoid_logit,no_B6,nested_development_oof,672,28.0,0.12937705566136473,0.03488420889001799,0.01408527350140357,0.06666666666666667
copper_deficiency,cbc,sigmoid_logit,no_copper,nested_development_oof,672,28.0,0.12937705566136473,0.03488420889001799,0.01408527350140357,0.06666666666666667
copper_deficiency,cbc,sigmoid_logit,no_hemoglobin,nested_development_oof,672,28.0,0.1306651317891824,0.035059548429922,0.016429208503740994,0.06666666666666667
copper_deficiency,cbc,sigmoid_logit,no_demographics,nested_development_oof,672,28.0,0.13572086294196095,0.035756921408480836,0.02710124226384288,0.12121212121212122
inflammation_anemia,primary,identity,available,nested_development_oof,672,52.0,0.02295103181229315,0.005760578089738725,0.007627845733729957,0.9514563106796117
inflammation_anemia,primary,identity,drop30,nested_development_oof,672,52.0,0.04748042717134889,0.01318086590912196,0.015437422933518555,0.8888888888888888
inflammation_anemia,primary,identity,drop60,nested_development_oof,672,52.0,0.09751615127533263,0.025237126054019926,0.01710242557127439,0.7816091954022989
inflammation_anemia,primary,identity,cbc_only,nested_development_oof,672,52.0,0.15312718251829655,0.046904143875778265,0.028775755637518743,0.4358974358974359
inflammation_anemia,primary,identity,hb_only,nested_development_oof,672,52.0,0.27984978629887436,0.07229549639042784,0.05283581580958181,0.0
inflammation_anemia,primary,identity,no_iron,nested_development_oof,672,52.0,0.045493083102620846,0.011887992935713576,0.010167649350381657,0.9038461538461539
inflammation_anemia,primary,identity,no_B12,nested_development_oof,672,52.0,0.023550657120223185,0.0060133447828012235,0.00503097215787413,0.9514563106796117
inflammation_anemia,primary,identity,no_folate,nested_development_oof,672,52.0,0.02282135180484423,0.005721628598182724,0.007838006133299739,0.9514563106796117
inflammation_anemia,primary,identity,no_B6,nested_development_oof,672,52.0,0.023395371449756317,0.005964812051670078,0.0065691884514416776,0.9514563106796117
inflammation_anemia,primary,identity,no_copper,nested_development_oof,672,52.0,0.022850315353913405,0.005748201398722101,0.007604083904078137,0.9514563106796117
inflammation_anemia,primary,identity,no_hemoglobin,nested_development_oof,672,52.0,0.02306871711392327,0.0053153139263171795,0.008270653533395605,0.9615384615384616
inflammation_anemia,primary,identity,no_demographics,nested_development_oof,672,52.0,0.02558380288823628,0.006027209385296384,0.010357723109134293,0.9615384615384616
inflammation_anemia,primary,temperature,available,nested_development_oof,672,52.0,0.02307973269720461,0.005733923306364123,0.007154092507433119,0.9514563106796117
inflammation_anemia,primary,temperature,drop30,nested_development_oof,672,52.0,0.04801191506846281,0.01320414289288262,0.015807159933257875,0.8888888888888888
inflammation_anemia,primary,temperature,drop60,nested_development_oof,672,52.0,0.09843692760657625,0.025242541536036535,0.014409522034104035,0.7816091954022989
inflammation_anemia,primary,temperature,cbc_only,nested_development_oof,672,52.0,0.1535801573425127,0.04678984898038456,0.0273756343610502,0.4358974358974359
inflammation_anemia,primary,temperature,hb_only,nested_development_oof,672,52.0,0.2782532487332273,0.07204776052911896,0.051251231605914806,0.0
inflammation_anemia,primary,temperature,no_iron,nested_development_oof,672,52.0,0.04574087651997397,0.011897392834510105,0.010575542450150747,0.9038461538461539
inflammation_anemia,primary,temperature,no_B12,nested_development_oof,672,52.0,0.02364802969385022,0.005974869415581798,0.004515434541049411,0.9514563106796117
inflammation_anemia,primary,temperature,no_folate,nested_development_oof,672,52.0,0.022993091183194356,0.005695492089083208,0.008034437355729292,0.9514563106796117
inflammation_anemia,primary,temperature,no_B6,nested_development_oof,672,52.0,0.023510156866573265,0.005930184628985204,0.005763830041622368,0.9514563106796117
inflammation_anemia,primary,temperature,no_copper,nested_development_oof,672,52.0,0.022981940693470218,0.00572116919167495,0.007435679548775892,0.9514563106796117
inflammation_anemia,primary,temperature,no_hemoglobin,nested_development_oof,672,52.0,0.02328595329058367,0.005271988386443553,0.008344573930392559,0.9615384615384616
inflammation_anemia,primary,temperature,no_demographics,nested_development_oof,672,52.0,0.02571298684365272,0.005974232561365766,0.01067231065102861,0.9615384615384616
inflammation_anemia,primary,sigmoid_logit,available,nested_development_oof,672,52.0,0.023162418995088283,0.005884603169250724,0.008465779718630273,0.9615384615384616
inflammation_anemia,primary,sigmoid_logit,drop30,nested_development_oof,672,52.0,0.046063185595993754,0.012503429901470178,0.012020562669906925,0.88
inflammation_anemia,primary,sigmoid_logit,drop60,nested_development_oof,672,52.0,0.09506252670080573,0.02448513443081534,0.011376995161673604,0.7727272727272727
inflammation_anemia,primary,sigmoid_logit,cbc_only,nested_development_oof,672,52.0,0.15159283088041559,0.04539747546020833,0.02313888384377539,0.4878048780487805
inflammation_anemia,primary,sigmoid_logit,hb_only,nested_development_oof,672,52.0,0.2722543955637266,0.07157124935640663,0.048091871642169076,0.0
inflammation_anemia,primary,sigmoid_logit,no_iron,nested_development_oof,672,52.0,0.046931418660445035,0.012458678411846788,0.010901931904480812,0.8867924528301887
inflammation_anemia,primary,sigmoid_logit,no_B12,nested_development_oof,672,52.0,0.02380113538868887,0.006134909665302118,0.007582342143935444,0.9523809523809523
inflammation_anemia,primary,sigmoid_logit,no_folate,nested_development_oof,672,52.0,0.02324017860795402,0.005901820013035642,0.006928910770266451,0.9433962264150944
inflammation_anemia,primary,sigmoid_logit,no_B6,nested_development_oof,672,52.0,0.02369903701958633,0.006123263687162312,0.007381044256727645,0.9523809523809523
inflammation_anemia,primary,sigmoid_logit,no_copper,nested_development_oof,672,52.0,0.023074785030800637,0.005878915226503315,0.008435099093895452,0.9615384615384616
inflammation_anemia,primary,sigmoid_logit,no_hemoglobin,nested_development_oof,672,52.0,0.02314163968487934,0.005419933421032519,0.008058663796880059,0.9615384615384616
inflammation_anemia,primary,sigmoid_logit,no_demographics,nested_development_oof,672,52.0,0.026679409766099112,0.0064628257584371535,0.01148131712396188,0.9615384615384616
inflammation_anemia,cbc,identity,available,nested_development_oof,672,52.0,0.16908999280583506,0.04968088481126784,0.020718609121359175,0.45569620253164556
inflammation_anemia,cbc,identity,drop30,nested_development_oof,672,52.0,0.2027307079578023,0.0561445965336468,0.035981943207949084,0.19047619047619047
inflammation_anemia,cbc,identity,drop60,nested_development_oof,672,52.0,0.31325276048394507,0.07090922119558477,0.043764948115008265,0.03508771929824561
inflammation_anemia,cbc,identity,cbc_only,nested_development_oof,672,52.0,0.16908999280583506,0.04968088481126784,0.020718609121359175,0.45569620253164556
inflammation_anemia,cbc,identity,hb_only,nested_development_oof,672,52.0,0.36338973961762117,0.07451403298211565,0.061768845501005934,0.0
inflammation_anemia,cbc,identity,no_iron,nested_development_oof,672,52.0,0.16908999280583506,0.04968088481126784,0.020718609121359175,0.45569620253164556
inflammation_anemia,cbc,identity,no_B12,nested_development_oof,672,52.0,0.16908999280583506,0.04968088481126784,0.020718609121359175,0.45569620253164556
inflammation_anemia,cbc,identity,no_folate,nested_development_oof,672,52.0,0.16908999280583506,0.04968088481126784,0.020718609121359175,0.45569620253164556
inflammation_anemia,cbc,identity,no_B6,nested_development_oof,672,52.0,0.16908999280583506,0.04968088481126784,0.020718609121359175,0.45569620253164556
inflammation_anemia,cbc,identity,no_copper,nested_development_oof,672,52.0,0.16908999280583506,0.04968088481126784,0.020718609121359175,0.45569620253164556
inflammation_anemia,cbc,identity,no_hemoglobin,nested_development_oof,672,52.0,0.18547300036275544,0.051203889471706635,0.022180227002775787,0.425
inflammation_anemia,cbc,identity,no_demographics,nested_development_oof,672,52.0,0.1831640664160454,0.051728307066439196,0.01896595486238562,0.42105263157894735
inflammation_anemia,cbc,temperature,available,nested_development_oof,672,52.0,0.1633621861743952,0.049035601454935275,0.016896645983141986,0.45569620253164556
inflammation_anemia,cbc,temperature,drop30,nested_development_oof,672,52.0,0.19188054733217097,0.05495133915799909,0.015872233163725522,0.19047619047619047
inflammation_anemia,cbc,temperature,drop60,nested_development_oof,672,52.0,0.28106719192822366,0.07010824052508033,0.0305382129009117,0.03508771929824561
inflammation_anemia,cbc,temperature,cbc_only,nested_development_oof,672,52.0,0.1633621861743952,0.049035601454935275,0.016896645983141986,0.45569620253164556
inflammation_anemia,cbc,temperature,hb_only,nested_development_oof,672,52.0,0.3094411000664519,0.07281898662918593,0.05408844866209489,0.0
inflammation_anemia,cbc,temperature,no_iron,nested_development_oof,672,52.0,0.1633621861743952,0.049035601454935275,0.016896645983141986,0.45569620253164556
inflammation_anemia,cbc,temperature,no_B12,nested_development_oof,672,52.0,0.1633621861743952,0.049035601454935275,0.016896645983141986,0.45569620253164556
inflammation_anemia,cbc,temperature,no_folate,nested_development_oof,672,52.0,0.1633621861743952,0.049035601454935275,0.016896645983141986,0.45569620253164556
inflammation_anemia,cbc,temperature,no_B6,nested_development_oof,672,52.0,0.1633621861743952,0.049035601454935275,0.016896645983141986,0.45569620253164556
inflammation_anemia,cbc,temperature,no_copper,nested_development_oof,672,52.0,0.1633621861743952,0.049035601454935275,0.016896645983141986,0.45569620253164556
inflammation_anemia,cbc,temperature,no_hemoglobin,nested_development_oof,672,52.0,0.188554263009095,0.05186426613320547,0.030390033073514986,0.425
inflammation_anemia,cbc,temperature,no_demographics,nested_development_oof,672,52.0,0.18325978861278375,0.051623337275124595,0.030954221360030575,0.42105263157894735
inflammation_anemia,cbc,sigmoid_logit,available,nested_development_oof,672,52.0,0.16412830251240024,0.049085642032162514,0.01658185929326595,0.43037974683544306
inflammation_anemia,cbc,sigmoid_logit,drop30,nested_development_oof,672,52.0,0.1924401829119567,0.054852553606700306,0.016327819571734733,0.24615384615384617
inflammation_anemia,cbc,sigmoid_logit,drop60,nested_development_oof,672,52.0,0.28274591744630645,0.07018551140537303,0.03232328413180648,0.07017543859649122
inflammation_anemia,cbc,sigmoid_logit,cbc_only,nested_development_oof,672,52.0,0.16412830251240024,0.049085642032162514,0.01658185929326595,0.43037974683544306
inflammation_anemia,cbc,sigmoid_logit,hb_only,nested_development_oof,672,52.0,0.31138183442644074,0.07285455346924745,0.05194852693286883,0.0
inflammation_anemia,cbc,sigmoid_logit,no_iron,nested_development_oof,672,52.0,0.16412830251240024,0.049085642032162514,0.01658185929326595,0.43037974683544306
inflammation_anemia,cbc,sigmoid_logit,no_B12,nested_development_oof,672,52.0,0.16412830251240024,0.049085642032162514,0.01658185929326595,0.43037974683544306
inflammation_anemia,cbc,sigmoid_logit,no_folate,nested_development_oof,672,52.0,0.16412830251240024,0.049085642032162514,0.01658185929326595,0.43037974683544306
inflammation_anemia,cbc,sigmoid_logit,no_B6,nested_development_oof,672,52.0,0.16412830251240024,0.049085642032162514,0.01658185929326595,0.43037974683544306
inflammation_anemia,cbc,sigmoid_logit,no_copper,nested_development_oof,672,52.0,0.16412830251240024,0.049085642032162514,0.01658185929326595,0.43037974683544306
inflammation_anemia,cbc,sigmoid_logit,no_hemoglobin,nested_development_oof,672,52.0,0.1893843583593806,0.051945396726695424,0.02917849338061857,0.41025641025641024
inflammation_anemia,cbc,sigmoid_logit,no_demographics,nested_development_oof,672,52.0,0.1838525155956901,0.05157746334191466,0.025373268479055404,0.4358974358974359
