target,method,scenario,partition,n,positives,log_loss,brier,ece_10,f1
iron_deficiency,case_only,available,development_oof,672,233,0.054980062225305125,0.012101327878385278,0.020212105936629185,0.9807280513918629
iron_deficiency,external_partial,available,development_oof,672,233,0.052692411288069105,0.012429450154863958,0.017688098086512664,0.9785407725321889
iron_deficiency,case_only,drop30,development_oof,672,233,0.10527915086106979,0.026253033492696736,0.03465959234498187,0.9565217391304348
iron_deficiency,external_partial,drop30,development_oof,672,233,0.1012241425475783,0.02626891290341021,0.03335628586661638,0.9501084598698482
iron_deficiency,case_only,drop60,development_oof,672,233,0.2325277283413528,0.06770457226243112,0.05790876427137489,0.863013698630137
iron_deficiency,external_partial,drop60,development_oof,672,233,0.22982568536579912,0.06655985193203241,0.037884451305783634,0.8701594533029613
iron_deficiency,case_only,cbc_only,development_oof,672,233,0.38341375156259344,0.11929505021556278,0.03136490526921576,0.7482352941176471
iron_deficiency,external_partial,cbc_only,development_oof,672,233,0.385801720429614,0.1206111729515668,0.032021698899302314,0.7465437788018433
iron_deficiency,case_only,hb_only,development_oof,672,233,0.6934598915279087,0.24309367728772313,0.13147318483291104,0.0
iron_deficiency,external_partial,hb_only,development_oof,672,233,0.693015457860372,0.24200148428534707,0.11953476997957926,0.0
iron_deficiency,case_only,no_iron,development_oof,672,233,0.3793474182661757,0.11860571291596572,0.06859696329173785,0.712468193384224
iron_deficiency,external_partial,no_iron,development_oof,672,233,0.38080068898548813,0.11927496678659151,0.07513753295375715,0.72544080604534
iron_deficiency,case_only,no_B12,development_oof,672,233,0.056440399761345766,0.012418587392867912,0.019283194766697914,0.9807280513918629
iron_deficiency,external_partial,no_B12,development_oof,672,233,0.055858217945604735,0.013315824330251781,0.01657870247119422,0.9807280513918629
iron_deficiency,case_only,no_folate,development_oof,672,233,0.05620856944131344,0.012446656963607194,0.019618794201637105,0.9807280513918629
iron_deficiency,external_partial,no_folate,development_oof,672,233,0.0546719851940631,0.012916740205062989,0.017513335050944875,0.9785407725321889
iron_deficiency,case_only,no_B6,development_oof,672,233,0.05568257772921383,0.012292378887792887,0.020434875310814112,0.9807280513918629
iron_deficiency,external_partial,no_B6,development_oof,672,233,0.053672864551706626,0.012723907114960097,0.01812076031933389,0.9785407725321889
iron_deficiency,case_only,no_copper,development_oof,672,233,0.05479941515554294,0.01206551558219103,0.02005258730354057,0.9807280513918629
iron_deficiency,external_partial,no_copper,development_oof,672,233,0.05299923402386089,0.01253475864158804,0.01792236337330586,0.9785407725321889
iron_deficiency,case_only,no_hemoglobin,development_oof,672,233,0.054403066548445636,0.012003399624861086,0.020314377413240853,0.9807280513918629
iron_deficiency,external_partial,no_hemoglobin,development_oof,672,233,0.05162231977900784,0.012010140354111657,0.020816521961159448,0.9807280513918629
iron_deficiency,case_only,no_demographics,development_oof,672,233,0.05888789976314437,0.013588994291983205,0.022166293698736867,0.9786324786324786
iron_deficiency,external_partial,no_demographics,development_oof,672,233,0.7651997871971425,0.24388820752471446,0.3369211105456329,0.667621776504298
B12_deficiency,case_only,available,development_oof,672,155,0.07727866213751933,0.018614447985432023,0.029378498607556376,0.9612903225806452
B12_deficiency,external_partial,available,development_oof,672,155,0.07899549858734949,0.019206560184652405,0.03285265695154628,0.948051948051948
B12_deficiency,case_only,drop30,development_oof,672,155,0.1540828423332997,0.04274587695647458,0.02288108222399991,0.8671328671328671
B12_deficiency,external_partial,drop30,development_oof,672,155,0.157082639566099,0.04384281967768924,0.022982728882348518,0.8710801393728222
B12_deficiency,case_only,drop60,development_oof,672,155,0.24367994761949563,0.07176229638842749,0.04287319986208059,0.7547169811320755
B12_deficiency,external_partial,drop60,development_oof,672,155,0.248862169103617,0.07297895447418294,0.04283440816220208,0.7575757575757576
B12_deficiency,case_only,cbc_only,development_oof,672,155,0.3911798193239489,0.12734979723876533,0.044490498188125706,0.5287356321839081
B12_deficiency,external_partial,cbc_only,development_oof,672,155,0.3945792107528126,0.12821515472062575,0.04746767756659488,0.5287356321839081
B12_deficiency,case_only,hb_only,development_oof,672,155,0.5583047665868486,0.1825707389711165,0.08793907217010137,0.0
B12_deficiency,external_partial,hb_only,development_oof,672,155,0.5497852320503297,0.18069770786922404,0.08236574786102385,0.012738853503184714
B12_deficiency,case_only,no_iron,development_oof,672,155,0.08414685057168457,0.02033744830431599,0.03537096047342847,0.9620253164556962
B12_deficiency,external_partial,no_iron,development_oof,672,155,0.08759820634106558,0.02121819344649697,0.028376670454375058,0.946031746031746
B12_deficiency,case_only,no_B12,development_oof,672,155,0.31242089647615795,0.09546736984243942,0.057876250081669064,0.6473029045643154
B12_deficiency,external_partial,no_B12,development_oof,672,155,0.3117098356682687,0.09626549199952239,0.061839218191854485,0.6584362139917695
B12_deficiency,case_only,no_folate,development_oof,672,155,0.0907002308538569,0.023569523321027522,0.023513665566021236,0.9407894736842105
B12_deficiency,external_partial,no_folate,development_oof,672,155,0.09278540800187308,0.02420581026190975,0.022148731685034385,0.9337748344370861
B12_deficiency,case_only,no_B6,development_oof,672,155,0.07732541942251568,0.018576389816009224,0.029655173886621623,0.9612903225806452
B12_deficiency,external_partial,no_B6,development_oof,672,155,0.07872068686198665,0.019038966752017154,0.029209511821208282,0.9545454545454546
B12_deficiency,case_only,no_copper,development_oof,672,155,0.07747176376257593,0.01868147567818753,0.028276694451823108,0.9581993569131833
B12_deficiency,external_partial,no_copper,development_oof,672,155,0.07920513461869254,0.01923575902591877,0.03134346229697275,0.9514563106796117
B12_deficiency,case_only,no_hemoglobin,development_oof,672,155,0.07737797854138045,0.01841253969353753,0.028811239716331483,0.961038961038961
B12_deficiency,external_partial,no_hemoglobin,development_oof,672,155,0.07893073786502292,0.018817437342659903,0.025017814087650147,0.9539473684210527
B12_deficiency,case_only,no_demographics,development_oof,672,155,0.07710966487105643,0.01962369337798535,0.024778427815939613,0.9508196721311475
B12_deficiency,external_partial,no_demographics,development_oof,672,155,0.7633867330364165,0.26029531427730984,0.3823125268765616,0.5394045534150613
folate_deficiency,case_only,available,development_oof,672,120,0.17057009773200163,0.049148188039419574,0.03191600930925062,0.784688995215311
folate_deficiency,external_partial,available,development_oof,672,120,0.16244980009532592,0.04683219212980572,0.030574633755453894,0.794392523364486
folate_deficiency,case_only,drop30,development_oof,672,120,0.24580672793366937,0.07165200548097227,0.02204119568004978,0.6666666666666666
folate_deficiency,external_partial,drop30,development_oof,672,120,0.24609719847779665,0.07046849397091728,0.024910552532443547,0.6631578947368421
folate_deficiency,case_only,drop60,development_oof,672,120,0.3300671814195833,0.0980100003987293,0.03261047733141581,0.5238095238095238
folate_deficiency,external_partial,drop60,development_oof,672,120,0.33259556571912696,0.09891517214174432,0.029934298130506715,0.4880952380952381
folate_deficiency,case_only,cbc_only,development_oof,672,120,0.39539039232372564,0.12336601316977032,0.03231302396198823,0.3372093023255814
folate_deficiency,external_partial,cbc_only,development_oof,672,120,0.3978973634104636,0.1243976208135613,0.03544628705770714,0.36666666666666664
folate_deficiency,case_only,hb_only,development_oof,672,120,0.4685464403448315,0.1464101267952352,0.04563811708671336,0.0
folate_deficiency,external_partial,hb_only,development_oof,672,120,0.46080867198824377,0.14454765171243966,0.03438386425715223,0.0
folate_deficiency,case_only,no_iron,development_oof,672,120,0.16842627080691092,0.04803136889574175,0.027957881349250317,0.794392523364486
folate_deficiency,external_partial,no_iron,development_oof,672,120,0.16213573264068096,0.046558616706837884,0.03675037587396426,0.780952380952381
folate_deficiency,case_only,no_B12,development_oof,672,120,0.18501972465350067,0.05338687268515843,0.02782398922286417,0.7777777777777778
folate_deficiency,external_partial,no_B12,development_oof,672,120,0.18304335599256596,0.0526296394144875,0.02233854642696469,0.7870370370370371
folate_deficiency,case_only,no_folate,development_oof,672,120,0.4088887139491592,0.12539191760238516,0.07643178121121877,0.19858156028368795
folate_deficiency,external_partial,no_folate,development_oof,672,120,0.4106834605258496,0.12661385394813007,0.07549209548241909,0.24324324324324326
folate_deficiency,case_only,no_B6,development_oof,672,120,0.16883716814012462,0.048453769871458705,0.02954345225491372,0.7962085308056872
folate_deficiency,external_partial,no_B6,development_oof,672,120,0.16115006516851146,0.04628576160832402,0.030056558263787975,0.8
folate_deficiency,case_only,no_copper,development_oof,672,120,0.1720365210264188,0.04966539398941008,0.02893691287724696,0.7887323943661971
folate_deficiency,external_partial,no_copper,development_oof,672,120,0.163557807172759,0.047209108160854864,0.035664572584256544,0.7887323943661971
folate_deficiency,case_only,no_hemoglobin,development_oof,672,120,0.1705150600176737,0.04887135313570189,0.03247891220345095,0.7830188679245284
folate_deficiency,external_partial,no_hemoglobin,development_oof,672,120,0.16721141452114496,0.04815314053752113,0.03198943653843987,0.7714285714285715
folate_deficiency,case_only,no_demographics,development_oof,672,120,0.1963636839708777,0.05691540575244561,0.045119777011157915,0.7564766839378239
folate_deficiency,external_partial,no_demographics,development_oof,672,120,0.853946613139733,0.297405243941412,0.42369398383312123,0.4358974358974359
iron_deficiency,case_only,available,reused_holdout,168,57,0.04727320087109164,0.012395419299556893,0.0222809660769617,0.9739130434782609
iron_deficiency,external_partial,available,reused_holdout,168,57,0.045978670859085004,0.012472305874617258,0.025640217338727435,0.9739130434782609
iron_deficiency,case_only,drop30,reused_holdout,168,57,0.08681171175973568,0.02091584357017126,0.03583859626291401,0.972972972972973
iron_deficiency,external_partial,drop30,reused_holdout,168,57,0.07653767177465767,0.018564338782116878,0.041134826968780965,0.9821428571428571
iron_deficiency,case_only,drop60,reused_holdout,168,57,0.19259532758373824,0.054844623905859924,0.062021792588438096,0.8952380952380953
iron_deficiency,external_partial,drop60,reused_holdout,168,57,0.18240409412825817,0.05220719788537787,0.04846153752130139,0.8888888888888888
iron_deficiency,case_only,cbc_only,reused_holdout,168,57,0.3486353141823075,0.1081046505851974,0.053341798794341234,0.7636363636363637
iron_deficiency,external_partial,cbc_only,reused_holdout,168,57,0.3514150539165044,0.11159359405534736,0.06480407646755396,0.7706422018348624
iron_deficiency,case_only,hb_only,reused_holdout,168,57,0.6907278984545558,0.24125324050157268,0.11958367293866472,0.0
iron_deficiency,external_partial,hb_only,reused_holdout,168,57,0.6786755163672572,0.23820859521342083,0.11790983106645776,0.0
iron_deficiency,case_only,no_iron,reused_holdout,168,57,0.3230012174543305,0.10083110341810189,0.06605049915715105,0.7476635514018691
iron_deficiency,external_partial,no_iron,reused_holdout,168,57,0.3151364493553911,0.10163045913980935,0.06295656774351957,0.7592592592592593
iron_deficiency,case_only,no_B12,reused_holdout,168,57,0.04808365231816584,0.012605343809923278,0.02248646958471137,0.9739130434782609
iron_deficiency,external_partial,no_B12,reused_holdout,168,57,0.04653369346130817,0.012704241037739311,0.026872397220228918,0.9739130434782609
iron_deficiency,case_only,no_folate,reused_holdout,168,57,0.04789327007402979,0.01248906149336296,0.022240852105268466,0.9739130434782609
iron_deficiency,external_partial,no_folate,reused_holdout,168,57,0.04604517710206905,0.012527934233434103,0.0237846257638035,0.9739130434782609
iron_deficiency,case_only,no_B6,reused_holdout,168,57,0.04740981932452461,0.012431449016078431,0.02220542524460318,0.9739130434782609
iron_deficiency,external_partial,no_B6,reused_holdout,168,57,0.04735921736498104,0.012952622655694903,0.02277772455404573,0.9739130434782609
iron_deficiency,case_only,no_copper,reused_holdout,168,57,0.04654883409825146,0.012200290475046978,0.02219889396392801,0.9739130434782609
iron_deficiency,external_partial,no_copper,reused_holdout,168,57,0.045978670859085004,0.012472305874617258,0.025640217338727435,0.9739130434782609
iron_deficiency,case_only,no_hemoglobin,reused_holdout,168,57,0.046150465994341215,0.01194724258711283,0.023693085523603205,0.9739130434782609
iron_deficiency,external_partial,no_hemoglobin,reused_holdout,168,57,0.04854250427088845,0.013117564056783437,0.026851167376702293,0.9739130434782609
iron_deficiency,case_only,no_demographics,reused_holdout,168,57,0.05146569445731344,0.013348388658910578,0.017284421919527514,0.9739130434782609
iron_deficiency,external_partial,no_demographics,reused_holdout,168,57,0.6997016500505752,0.22892451483871626,0.3166056245385104,0.6867469879518072
B12_deficiency,case_only,available,reused_holdout,168,35,0.029195494687283934,0.0051865614296502435,0.01961587538049657,0.9855072463768116
B12_deficiency,external_partial,available,reused_holdout,168,35,0.030318199470151453,0.004991735311978131,0.026781491163954292,0.9855072463768116
B12_deficiency,case_only,drop30,reused_holdout,168,35,0.10355861477213481,0.025909979573834712,0.01859150774695358,0.9253731343283582
B12_deficiency,external_partial,drop30,reused_holdout,168,35,0.10411053146740028,0.02496921353470418,0.023679862887875727,0.9253731343283582
B12_deficiency,case_only,drop60,reused_holdout,168,35,0.18889513159447238,0.053472999935788836,0.048212990152880136,0.7936507936507936
B12_deficiency,external_partial,drop60,reused_holdout,168,35,0.1982214745569729,0.05560934836241203,0.06442695590690953,0.8181818181818182
B12_deficiency,case_only,cbc_only,reused_holdout,168,35,0.35044805506919474,0.1111579826802817,0.06536114759160205,0.5483870967741935
B12_deficiency,external_partial,cbc_only,reused_holdout,168,35,0.35301150878671367,0.11176706484566758,0.06488289509051558,0.5625
B12_deficiency,case_only,hb_only,reused_holdout,168,35,0.5312598869280499,0.1706436302643532,0.0995319635574058,0.0
B12_deficiency,external_partial,hb_only,reused_holdout,168,35,0.5211453041585243,0.16813755920988965,0.07148647950679878,0.0
B12_deficiency,case_only,no_iron,reused_holdout,168,35,0.03477120177678646,0.006154853688951634,0.024530945666659212,0.9859154929577465
B12_deficiency,external_partial,no_iron,reused_holdout,168,35,0.036385319196391694,0.0060851544163562825,0.026807384915247204,0.9859154929577465
B12_deficiency,case_only,no_B12,reused_holdout,168,35,0.21483911855091417,0.06360456249437159,0.03447387108344108,0.7586206896551724
B12_deficiency,external_partial,no_B12,reused_holdout,168,35,0.2155368002074138,0.06379172478554944,0.04559794729230603,0.7586206896551724
B12_deficiency,case_only,no_folate,reused_holdout,168,35,0.03724936907340382,0.007849944728719771,0.031575300795022056,0.9714285714285714
B12_deficiency,external_partial,no_folate,reused_holdout,168,35,0.04000201702918051,0.008563688145180746,0.028599917270988866,0.9855072463768116
B12_deficiency,case_only,no_B6,reused_holdout,168,35,0.029263580721090334,0.005189250513575987,0.019682581462583254,0.9855072463768116
B12_deficiency,external_partial,no_B6,reused_holdout,168,35,0.03038211888119089,0.00499333907249139,0.02684459729488029,0.9855072463768116
B12_deficiency,case_only,no_copper,reused_holdout,168,35,0.029323652364455745,0.0051753436811289065,0.019766985390572017,0.9855072463768116
B12_deficiency,external_partial,no_copper,reused_holdout,168,35,0.030302219102499094,0.00488701487511511,0.02688217197000699,0.9855072463768116
B12_deficiency,case_only,no_hemoglobin,reused_holdout,168,35,0.027696425945009824,0.00472301148612025,0.01889393678946155,0.9859154929577465
B12_deficiency,external_partial,no_hemoglobin,reused_holdout,168,35,0.027924978984314838,0.004258840655562748,0.025101476681123308,1.0
B12_deficiency,case_only,no_demographics,reused_holdout,168,35,0.029312332773876206,0.0060957871113489544,0.023543708984703267,0.9855072463768116
B12_deficiency,external_partial,no_demographics,reused_holdout,168,35,0.597692739482516,0.20894812359850504,0.3498568224599675,0.5511811023622047
folate_deficiency,case_only,available,reused_holdout,168,35,0.22126165048013052,0.06735411180736363,0.04983627732580853,0.7272727272727273
folate_deficiency,external_partial,available,reused_holdout,168,35,0.207322235398871,0.06282939987261656,0.0527852265334005,0.7719298245614035
folate_deficiency,case_only,drop30,reused_holdout,168,35,0.28707383903050315,0.0870870804867042,0.05342689793280354,0.6
folate_deficiency,external_partial,drop30,reused_holdout,168,35,0.27784599709738844,0.08241808984293254,0.04412701509641169,0.6274509803921569
folate_deficiency,case_only,drop60,reused_holdout,168,35,0.3999095105609251,0.12749918144345979,0.06667271947254057,0.2
folate_deficiency,external_partial,drop60,reused_holdout,168,35,0.38870744410628044,0.12454592026370576,0.05113524360180889,0.2857142857142857
folate_deficiency,case_only,cbc_only,reused_holdout,168,35,0.4655755114548293,0.1516700892082513,0.08401867830040985,0.2692307692307692
folate_deficiency,external_partial,cbc_only,reused_holdout,168,35,0.4596273652759197,0.14986061352764032,0.07361343244143506,0.2692307692307692
folate_deficiency,case_only,hb_only,reused_holdout,168,35,0.5135872949031959,0.16517281669508804,0.027539157844050064,0.0
folate_deficiency,external_partial,hb_only,reused_holdout,168,35,0.5122835642884441,0.16445840396099495,0.0200383573503413,0.0
folate_deficiency,case_only,no_iron,reused_holdout,168,35,0.21872337733597083,0.06710462774313271,0.054773303921005476,0.7272727272727273
folate_deficiency,external_partial,no_iron,reused_holdout,168,35,0.20558444472014473,0.061867653587052714,0.0453010784959749,0.7719298245614035
folate_deficiency,case_only,no_B12,reused_holdout,168,35,0.2425983722436399,0.07283310890423597,0.06244514238702529,0.7241379310344828
folate_deficiency,external_partial,no_B12,reused_holdout,168,35,0.2282374914076716,0.06812978672613594,0.04805518604007534,0.75
folate_deficiency,case_only,no_folate,reused_holdout,168,35,0.49458879326175115,0.15584038472205478,0.12455388689171401,0.05405405405405406
folate_deficiency,external_partial,no_folate,reused_holdout,168,35,0.4892674632818538,0.15244021104679267,0.1252620669452264,0.05555555555555555
folate_deficiency,case_only,no_B6,reused_holdout,168,35,0.2218267407984171,0.06759288599350766,0.049954386327030295,0.75
folate_deficiency,external_partial,no_B6,reused_holdout,168,35,0.2067065841012044,0.06264894576169378,0.052618258246750864,0.7719298245614035
folate_deficiency,case_only,no_copper,reused_holdout,168,35,0.21842345846690847,0.06650895254466778,0.055228465069926,0.7272727272727273
folate_deficiency,external_partial,no_copper,reused_holdout,168,35,0.20296023112754313,0.062002324754016847,0.05085356994230557,0.7931034482758621
folate_deficiency,case_only,no_hemoglobin,reused_holdout,168,35,0.215695554185327,0.06615232075908457,0.05331233833774809,0.7272727272727273
folate_deficiency,external_partial,no_hemoglobin,reused_holdout,168,35,0.20692361111325744,0.06253519064286858,0.047491947043744084,0.7719298245614035
folate_deficiency,case_only,no_demographics,reused_holdout,168,35,0.2709385643530043,0.07903379678596066,0.08817107591101123,0.6792452830188679
folate_deficiency,external_partial,no_demographics,reused_holdout,168,35,0.5649148320910929,0.19570890646362304,0.296132260337093,0.5517241379310345
