version,partition,scenario,n,eligible_n,evaluated_n,coverage,accepted_class_accuracy,raw_class_macro_f1,inconsistent_n,sparse_n,states
baseline_v1,development_oof,available,672,672,323,0.4806547619047619,0.9876160990712074,0.8682445865079734,88,0,"{""evaluated"": 323, ""inconsistent"": 88, ""uncertain"": 261}"
baseline_v1,development_oof,drop30,672,477,116,0.2431865828092243,0.9482758620689655,0.7551518557329788,86,0,"{""evaluated"": 116, ""inconsistent"": 86, ""input_rejected"": 195, ""uncertain"": 275}"
baseline_v1,development_oof,drop60,672,255,19,0.07450980392156863,0.9473684210526315,0.5266070196532381,68,0,"{""evaluated"": 19, ""inconsistent"": 68, ""input_rejected"": 417, ""uncertain"": 168}"
baseline_v1,development_oof,cbc_only,672,672,170,0.25297619047619047,0.711764705882353,0.47413381353953393,254,0,"{""evaluated"": 170, ""inconsistent"": 254, ""uncertain"": 248}"
baseline_v1,development_oof,hb_only,672,672,0,0.0,,0.04074128577693993,0,672,"{""suppressed_sparse"": 672}"
robust_v2,development_oof,available,672,672,373,0.5550595238095238,0.9839142091152815,0.8631465282686016,97,0,"{""evaluated"": 373, ""inconsistent"": 97, ""uncertain"": 202}"
robust_v2,development_oof,drop30,672,477,184,0.3857442348008386,0.9728260869565217,0.772599154912253,93,0,"{""evaluated"": 184, ""inconsistent"": 93, ""input_rejected"": 195, ""uncertain"": 200}"
robust_v2,development_oof,drop60,672,255,42,0.16470588235294117,0.9761904761904762,0.5339648102242771,81,0,"{""evaluated"": 42, ""inconsistent"": 81, ""input_rejected"": 417, ""uncertain"": 132}"
robust_v2,development_oof,cbc_only,672,672,180,0.26785714285714285,0.7055555555555556,0.47413381353953393,235,0,"{""evaluated"": 180, ""inconsistent"": 235, ""uncertain"": 257}"
robust_v2,development_oof,hb_only,672,672,0,0.0,,0.04074128577693993,0,672,"{""suppressed_sparse"": 672}"
baseline_v1,reused_holdout,available,168,168,94,0.5595238095238095,0.9680851063829787,0.9034309948906875,13,0,"{""evaluated"": 94, ""inconsistent"": 13, ""uncertain"": 61}"
baseline_v1,reused_holdout,drop30,168,103,26,0.2524271844660194,0.9615384615384616,0.6934141022376318,14,0,"{""evaluated"": 26, ""inconsistent"": 14, ""input_rejected"": 65, ""uncertain"": 63}"
baseline_v1,reused_holdout,drop60,168,74,3,0.04054054054054054,1.0,0.44748161633468975,18,1,"{""evaluated"": 3, ""inconsistent"": 18, ""input_rejected"": 94, ""suppressed_sparse"": 1, ""uncertain"": 52}"
baseline_v1,reused_holdout,cbc_only,168,168,45,0.26785714285714285,0.7777777777777778,0.46698601725119354,58,0,"{""evaluated"": 45, ""inconsistent"": 58, ""uncertain"": 65}"
baseline_v1,reused_holdout,hb_only,168,168,0,0.0,,0.04129338930097943,0,168,"{""suppressed_sparse"": 168}"
robust_v2,reused_holdout,available,168,168,106,0.6309523809523809,0.9622641509433962,0.8650847467776294,19,0,"{""evaluated"": 106, ""inconsistent"": 19, ""uncertain"": 43}"
robust_v2,reused_holdout,drop30,168,103,44,0.42718446601941745,0.9318181818181818,0.6835845693245748,19,0,"{""evaluated"": 44, ""inconsistent"": 19, ""input_rejected"": 65, ""uncertain"": 40}"
robust_v2,reused_holdout,drop60,168,74,13,0.17567567567567569,0.9230769230769231,0.5302625436139369,23,1,"{""evaluated"": 13, ""inconsistent"": 23, ""input_rejected"": 94, ""suppressed_sparse"": 1, ""uncertain"": 37}"
robust_v2,reused_holdout,cbc_only,168,168,45,0.26785714285714285,0.7777777777777778,0.46698601725119354,57,0,"{""evaluated"": 45, ""inconsistent"": 57, ""uncertain"": 66}"
robust_v2,reused_holdout,hb_only,168,168,0,0.0,,0.04129338930097943,0,168,"{""suppressed_sparse"": 168}"
