partition,target,mode,scenario,v1_f1,v2_f1,delta_f1,v1_precision,v2_precision,v1_recall,v2_recall,v1_brier,v2_brier
development_oof,anemia_class,primary,available,0.8682445865079734,0.8631465282686016,-0.005098058239371817,,,,,,
development_oof,anemia_class,primary,drop30,0.712550394154687,0.7399485899336216,0.027398195778934542,,,,,,
development_oof,anemia_class,primary,drop60,0.4763948141184553,0.5308443982997937,0.054449584181338384,,,,,,
development_oof,anemia_class,cbc,cbc_only,0.4741338135395339,0.4741338135395339,0.0,,,,,,
development_oof,iron_deficiency,primary,available,0.9807280513918628,0.9892008639308856,0.008472812539022767,0.9786324786324786,0.9956521739130436,0.9828326180257512,0.9828326180257512,0.0121013278783852,0.0133405775408703
development_oof,iron_deficiency,primary,drop30,0.9565217391304348,0.9626373626373628,0.0061156235069279585,0.9691629955947136,0.9864864864864864,0.944206008583691,0.9399141630901288,0.0262530334926967,0.026712321031747
development_oof,iron_deficiency,primary,drop60,0.863013698630137,0.8894117647058823,0.026398066075745352,0.9219512195121952,0.984375,0.8111587982832618,0.8111587982832618,0.0677045722624311,0.0612663532478531
development_oof,iron_deficiency,cbc,cbc_only,0.7790432801822323,0.7790432801822323,0.0,0.8300970873786407,0.8300970873786407,0.7339055793991416,0.7339055793991416,0.1090156283646059,0.1090156283646059
development_oof,B12_deficiency,primary,available,0.9612903225806452,0.9712460063897764,0.009955683809131255,0.9612903225806452,0.9620253164556962,0.9612903225806452,0.9806451612903224,0.018614447985432,0.0173759681769123
development_oof,B12_deficiency,primary,drop30,0.8671328671328671,0.8949152542372881,0.027782387104421047,0.9465648854961832,0.9428571428571428,0.8,0.8516129032258064,0.0427458769564745,0.0410122731855931
development_oof,B12_deficiency,primary,drop60,0.7547169811320755,0.7709923664122137,0.016275385280138166,0.9090909090909092,0.9439252336448598,0.6451612903225806,0.6516129032258065,0.0717622963884274,0.067728224882687
development_oof,B12_deficiency,cbc,cbc_only,0.5393258426966292,0.5393258426966292,0.0,0.6428571428571429,0.6428571428571429,0.4645161290322581,0.4645161290322581,0.1226202123783965,0.1226202123783965
development_oof,folate_deficiency,primary,available,0.784688995215311,0.784688995215311,0.0,0.9213483146067416,0.9213483146067416,0.6833333333333333,0.6833333333333333,0.0491481880394195,0.0491481880394195
development_oof,folate_deficiency,primary,drop30,0.6666666666666666,0.6666666666666666,0.0,0.8666666666666667,0.8666666666666667,0.5416666666666666,0.5416666666666666,0.0716520054809722,0.0716520054809722
development_oof,folate_deficiency,primary,drop60,0.5238095238095238,0.5238095238095238,0.0,0.9166666666666666,0.9166666666666666,0.3666666666666666,0.3666666666666666,0.0980100003987293,0.0980100003987293
development_oof,folate_deficiency,cbc,cbc_only,0.3728813559322034,0.3728813559322034,0.0,0.5789473684210527,0.5789473684210527,0.275,0.275,0.1244868276156698,0.1244868276156698
development_oof,B6_deficiency,primary,available,0.8571428571428571,0.8571428571428571,0.0,1.0,1.0,0.75,0.75,0.0111626655307025,0.0111626655307025
development_oof,B6_deficiency,primary,drop30,0.6818181818181818,0.6818181818181818,0.0,0.9375,0.9375,0.5357142857142857,0.5357142857142857,0.020731055384746,0.020731055384746
development_oof,B6_deficiency,primary,drop60,0.4324324324324324,0.4324324324324324,0.0,0.8888888888888888,0.8888888888888888,0.2857142857142857,0.2857142857142857,0.030212561001827,0.030212561001827
development_oof,B6_deficiency,cbc,cbc_only,0.2222222222222222,0.2352941176470588,0.013071895424836583,0.5,0.6666666666666666,0.1428571428571428,0.1428571428571428,0.0369501849611877,0.0362076793256716
development_oof,copper_deficiency,primary,available,0.9019607843137256,0.925925925925926,0.023965141612200425,1.0,0.9615384615384616,0.8214285714285714,0.8928571428571429,0.0062632681628533,0.0051104184578307
development_oof,copper_deficiency,primary,drop30,0.7755102040816326,0.8571428571428571,0.08163265306122447,0.9047619047619048,1.0,0.6785714285714286,0.75,0.0140915761372624,0.0097310427941705
development_oof,copper_deficiency,primary,drop60,0.5128205128205128,0.6341463414634146,0.12132582864290187,0.9090909090909092,1.0,0.3571428571428571,0.4642857142857143,0.0277536851884869,0.0230166841766312
development_oof,copper_deficiency,cbc,cbc_only,0.0666666666666666,0.0666666666666666,0.0,0.5,0.5,0.0357142857142857,0.0357142857142857,0.0357699359737394,0.0357699359737394
development_oof,inflammation_anemia,primary,available,0.9514563106796116,0.9514563106796116,0.0,0.9607843137254902,0.9607843137254902,0.9423076923076924,0.9423076923076924,0.0057605780897387,0.0057605780897387
development_oof,inflammation_anemia,primary,drop30,0.8888888888888888,0.8888888888888888,0.0,0.9361702127659576,0.9361702127659576,0.8461538461538461,0.8461538461538461,0.0131808659091219,0.0131808659091219
development_oof,inflammation_anemia,primary,drop60,0.7816091954022989,0.7816091954022989,0.0,0.9714285714285714,0.9714285714285714,0.6538461538461539,0.6538461538461539,0.0252371260540199,0.0252371260540199
development_oof,inflammation_anemia,cbc,cbc_only,0.4556962025316455,0.5979381443298969,0.1422419417982514,0.6666666666666666,0.6444444444444445,0.3461538461538461,0.5576923076923077,0.0496808848112678,0.0426849434497368
reused_holdout,anemia_class,primary,available,0.9034309948906876,0.8650847467776294,-0.0383462481130582,,,,,,
reused_holdout,anemia_class,primary,drop30,0.6625115336703047,0.6765376567127537,0.01402612304244899,,,,,,
reused_holdout,anemia_class,primary,drop60,0.4366934891240446,0.5689877888884362,0.13229429976439155,,,,,,
reused_holdout,anemia_class,cbc,cbc_only,0.4669860172511935,0.4669860172511935,0.0,,,,,,
reused_holdout,iron_deficiency,primary,available,0.9739130434782608,0.991150442477876,0.017237398999615183,0.9655172413793104,1.0,0.9824561403508772,0.9824561403508772,0.0123954192995568,0.0106473240780685
reused_holdout,iron_deficiency,primary,drop30,0.972972972972973,0.9734513274336284,0.00047835446065536136,1.0,0.9821428571428572,0.9473684210526316,0.9649122807017544,0.0209158435701712,0.0220904795076109
reused_holdout,iron_deficiency,primary,drop60,0.8952380952380953,0.9142857142857144,0.01904761904761909,0.9791666666666666,1.0,0.8245614035087719,0.8421052631578947,0.0548446239058599,0.0501584082307895
reused_holdout,iron_deficiency,cbc,cbc_only,0.8,0.8,0.0,0.8301886792452831,0.8301886792452831,0.7719298245614035,0.7719298245614035,0.1085926945877315,0.1085926945877315
reused_holdout,B12_deficiency,primary,available,0.9855072463768116,1.0,0.01449275362318836,1.0,1.0,0.9714285714285714,1.0,0.0051865614296502,0.0063701899727731
reused_holdout,B12_deficiency,primary,drop30,0.9253731343283582,0.9393939393939394,0.014020805065581232,0.96875,1.0,0.8857142857142857,0.8857142857142857,0.0259099795738347,0.0277239218481856
reused_holdout,B12_deficiency,primary,drop60,0.7936507936507936,0.8615384615384616,0.06788766788766798,0.8928571428571429,0.9333333333333332,0.7142857142857143,0.8,0.0534729999357888,0.0487132159714575
reused_holdout,B12_deficiency,cbc,cbc_only,0.6153846153846154,0.6153846153846154,0.0,0.6666666666666666,0.6666666666666666,0.5714285714285714,0.5714285714285714,0.1041079563430045,0.1041079563430045
reused_holdout,folate_deficiency,primary,available,0.7272727272727273,0.7272727272727273,0.0,1.0,1.0,0.5714285714285714,0.5714285714285714,0.0673541118073636,0.0673541118073636
reused_holdout,folate_deficiency,primary,drop30,0.6,0.6,0.0,1.0,1.0,0.4285714285714285,0.4285714285714285,0.0870870804867042,0.0870870804867042
reused_holdout,folate_deficiency,primary,drop60,0.2,0.2,0.0,0.8,0.8,0.1142857142857142,0.1142857142857142,0.1274991814434597,0.1274991814434597
reused_holdout,folate_deficiency,cbc,cbc_only,0.217391304347826,0.217391304347826,0.0,0.4545454545454545,0.4545454545454545,0.1428571428571428,0.1428571428571428,0.1529521702913816,0.1529521702913816
reused_holdout,B6_deficiency,primary,available,0.9230769230769232,0.9230769230769232,0.0,1.0,1.0,0.8571428571428571,0.8571428571428571,0.0064687011230892,0.0064687011230892
reused_holdout,B6_deficiency,primary,drop30,0.7272727272727273,0.7272727272727273,0.0,1.0,1.0,0.5714285714285714,0.5714285714285714,0.0178411508773351,0.0178411508773351
reused_holdout,B6_deficiency,primary,drop60,0.6,0.6,0.0,1.0,1.0,0.4285714285714285,0.4285714285714285,0.0237238926975433,0.0237238926975433
reused_holdout,B6_deficiency,cbc,cbc_only,0.25,0.0,-0.25,1.0,0.0,0.1428571428571428,0.0,0.034019342784314,0.0397913391902247
reused_holdout,copper_deficiency,primary,available,0.8333333333333334,0.9230769230769232,0.08974358974358987,1.0,1.0,0.7142857142857143,0.8571428571428571,0.0117917952519201,0.0075041925306664
reused_holdout,copper_deficiency,primary,drop30,0.7272727272727273,0.6,-0.12727272727272732,1.0,1.0,0.5714285714285714,0.4285714285714285,0.0187322237784706,0.0175033627122646
reused_holdout,copper_deficiency,primary,drop60,0.6,0.4444444444444444,-0.15555555555555556,1.0,1.0,0.4285714285714285,0.2857142857142857,0.0247040683397925,0.0271308165079794
reused_holdout,copper_deficiency,cbc,cbc_only,0.0,0.0,0.0,0.0,0.0,0.0,0.0,0.0414416690784466,0.0414416690784466
reused_holdout,inflammation_anemia,primary,available,1.0,1.0,0.0,1.0,1.0,1.0,1.0,0.0008505172762341,0.0008505172762341
reused_holdout,inflammation_anemia,primary,drop30,0.96,0.96,0.0,1.0,1.0,0.9230769230769232,0.9230769230769232,0.0064251508877332,0.0064251508877332
reused_holdout,inflammation_anemia,primary,drop60,0.7619047619047619,0.7619047619047619,0.0,1.0,1.0,0.6153846153846154,0.6153846153846154,0.0249145083076815,0.0249145083076815
reused_holdout,inflammation_anemia,cbc,cbc_only,0.5217391304347826,0.5833333333333334,0.061594202898550776,0.6,0.6363636363636364,0.4615384615384615,0.5384615384615384,0.0508794735058976,0.0371555592880976
